model,aggregation_type,simulation_name,failures,detected,undetected,undetectable,ttm,accuracy,fpr,precision,recall,f3,threshold,FailureIDs,detected_failure_ids,undetected_failure_ids,undetectable_failure_ids
dave2-p10-track1-mcd_5_S64,max,icse20\DAVE2-Track1-DayNight,2,1,1,0,1,99,0,50,50,50,0.0032707634516185293,"[3607, 4676]",[4676],[3607],[]
dave2-p10-track1-mcd_5_S64,max,icse20\DAVE2-Track1-DayNight,2,2,0,0,2,100,0,67,100,95,0.0032707634516185293,"[3607, 4676]","[3607, 4676]",[],[]
dave2-p10-track1-mcd_5_S64,max,icse20\DAVE2-Track1-DayNight,2,2,0,0,3,100,0,67,100,95,0.0032707634516185293,"[3607, 4676]","[3607, 4676]",[],[]
dave2-p10-track1-mcd_5_S64,max,icse20\DAVE2-Track1-DayNightFog,5,5,0,0,1,100,0,83,100,98,0.0032707634516185293,"[2951, 3251, 3434, 5290, 5482]","[2951, 3251, 3434, 5290, 5482]",[],[]
dave2-p10-track1-mcd_5_S64,max,icse20\DAVE2-Track1-DayNightFog,5,5,0,0,2,100,0,83,100,98,0.0032707634516185293,"[2951, 3251, 3434, 5290, 5482]","[2951, 3251, 3434, 5290, 5482]",[],[]
dave2-p10-track1-mcd_5_S64,max,icse20\DAVE2-Track1-DayNightFog,4,4,0,1,3,100,0,80,100,98,0.0032707634516185293,"[2951, 3251, 3434, 5290, 5482]","[2951, 3251, 5290, 5482]",[],[3434]
dave2-p10-track1-mcd_5_S64,max,icse20\DAVE2-Track1-DayNightRain,2,2,0,0,1,100,0,67,100,95,0.0032707634516185293,"[2343, 2580]","[2343, 2580]",[],[]
dave2-p10-track1-mcd_5_S64,max,icse20\DAVE2-Track1-DayNightRain,2,2,0,0,2,100,0,67,100,95,0.0032707634516185293,"[2343, 2580]","[2343, 2580]",[],[]
dave2-p10-track1-mcd_5_S64,max,icse20\DAVE2-Track1-DayNightRain,2,0,2,0,3,0,0,0,0,0,0.0032707634516185293,"[2343, 2580]",[],"[2343, 2580]",[]
dave2-p10-track1-mcd_5_S64,max,icse20\DAVE2-Track1-DayNightSnow,3,1,2,2,1,99,0,50,33,34,0.0032707634516185293,"[1, 1618, 2250, 3577, 3603]",[3577],"[1618, 2250]","[1, 3603]"
dave2-p10-track1-mcd_5_S64,max,icse20\DAVE2-Track1-DayNightSnow,3,2,1,2,2,99,0,67,67,67,0.0032707634516185293,"[1, 1618, 2250, 3577, 3603]","[2250, 3577]",[1618],"[1, 3603]"
dave2-p10-track1-mcd_5_S64,max,icse20\DAVE2-Track1-DayNightSnow,3,0,3,2,3,0,0,0,0,0,0.0032707634516185293,"[1, 1618, 2250, 3577, 3603]",[],"[1618, 2250, 3577]","[1, 3603]"
dave2-p10-track1-mcd_5_S64,max,icse20\DAVE2-Track1-Fog,4,1,3,0,1,99,0,50,25,26,0.0032707634516185293,"[436, 2713, 3884, 6214]",[6214],"[436, 2713, 3884]",[]
dave2-p10-track1-mcd_5_S64,max,icse20\DAVE2-Track1-Fog,4,0,4,0,2,0,0,0,0,0,0.0032707634516185293,"[436, 2713, 3884, 6214]",[],"[436, 2713, 3884, 6214]",[]
dave2-p10-track1-mcd_5_S64,max,icse20\DAVE2-Track1-Fog,4,0,4,0,3,0,0,0,0,0,0.0032707634516185293,"[436, 2713, 3884, 6214]",[],"[436, 2713, 3884, 6214]",[]
dave2-p10-track1-mcd_5_S64,max,icse20\DAVE2-Track1-Rain,2,0,2,0,1,0,0,0,0,0,0.0032707634516185293,"[2945, 4364]",[],"[2945, 4364]",[]
dave2-p10-track1-mcd_5_S64,max,icse20\DAVE2-Track1-Rain,2,0,2,0,2,0,0,0,0,0,0.0032707634516185293,"[2945, 4364]",[],"[2945, 4364]",[]
dave2-p10-track1-mcd_5_S64,max,icse20\DAVE2-Track1-Rain,2,0,2,0,3,0,0,0,0,0,0.0032707634516185293,"[2945, 4364]",[],"[2945, 4364]",[]
dave2-p10-track1-mcd_5_S64,max,icse20\DAVE2-Track1-Snow,3,1,2,0,1,99,0,50,33,34,0.0032707634516185293,"[2664, 6197, 6448]",[6448],"[2664, 6197]",[]
dave2-p10-track1-mcd_5_S64,max,icse20\DAVE2-Track1-Snow,3,0,3,0,2,0,0,0,0,0,0.0032707634516185293,"[2664, 6197, 6448]",[],"[2664, 6197, 6448]",[]
dave2-p10-track1-mcd_5_S64,max,icse20\DAVE2-Track1-Snow,3,0,3,0,3,0,0,0,0,0,0.0032707634516185293,"[2664, 6197, 6448]",[],"[2664, 6197, 6448]",[]
dave2-p10-track1-mcd_5_S64,max,mutants\udacity_add_weights_regularisation_mutated0_MP_l1_3_1,5,5,0,0,1,99,1,83,100,98,0.0069072374873710716,"[2360, 2600, 3420, 4644, 5453]","[2360, 2600, 3420, 4644, 5453]",[],[]
dave2-p10-track1-mcd_5_S64,max,mutants\udacity_add_weights_regularisation_mutated0_MP_l1_3_1,5,5,0,0,2,99,1,83,100,98,0.0069072374873710716,"[2360, 2600, 3420, 4644, 5453]","[2360, 2600, 3420, 4644, 5453]",[],[]
dave2-p10-track1-mcd_5_S64,max,mutants\udacity_add_weights_regularisation_mutated0_MP_l1_3_1,4,4,0,1,3,99,1,80,100,98,0.0069072374873710716,"[2360, 2600, 3420, 4644, 5453]","[2360, 3420, 4644, 5453]",[],[2600]
dave2-p10-track1-mcd_5_S64,max,mutants\udacity_add_weights_regularisation_mutated0_MP_l1_l2_3_2,19,19,0,3,1,99,1,95,100,99,0.0069072374873710716,"[351, 694, 956, 1185, 1717, 1931, 2216, 2250, 2270, 2646, 3007, 3234, 3696, 4047, 4050, 4275, 4300, 4321, 4900, 5203, 5640, 6104]","[351, 694, 956, 1185, 1717, 1931, 2216, 2270, 2646, 3007, 3234, 3696, 4047, 4275, 4321, 4900, 5203, 5640, 6104]",[],"[2250, 4050, 4300]"
dave2-p10-track1-mcd_5_S64,max,mutants\udacity_add_weights_regularisation_mutated0_MP_l1_l2_3_2,19,18,1,3,2,98,1,95,95,95,0.0069072374873710716,"[351, 694, 956, 1185, 1717, 1931, 2216, 2250, 2270, 2646, 3007, 3234, 3696, 4047, 4050, 4275, 4300, 4321, 4900, 5203, 5640, 6104]","[694, 956, 1185, 1717, 1931, 2216, 2270, 2646, 3007, 3234, 3696, 4047, 4275, 4321, 4900, 5203, 5640, 6104]",[351],"[2250, 4050, 4300]"
dave2-p10-track1-mcd_5_S64,max,mutants\udacity_add_weights_regularisation_mutated0_MP_l1_l2_3_2,19,18,1,3,3,98,1,95,95,95,0.0069072374873710716,"[351, 694, 956, 1185, 1717, 1931, 2216, 2250, 2270, 2646, 3007, 3234, 3696, 4047, 4050, 4275, 4300, 4321, 4900, 5203, 5640, 6104]","[694, 956, 1185, 1717, 1931, 2216, 2270, 2646, 3007, 3234, 3696, 4047, 4275, 4321, 4900, 5203, 5640, 6104]",[351],"[2250, 4050, 4300]"
dave2-p10-track1-mcd_5_S64,max,mutants\udacity_add_weights_regularisation_mutated0_MP_l2_3_0,16,15,1,3,1,98,1,94,94,94,0.0069072374873710716,"[370, 695, 697, 893, 1180, 1483, 1763, 1995, 2297, 2331, 2354, 2935, 3172, 3470, 3905, 5036, 5042, 5255, 5942]","[695, 893, 1180, 1483, 1763, 1995, 2297, 2354, 2935, 3172, 3470, 3905, 5036, 5255, 5942]",[370],"[697, 2331, 5042]"
dave2-p10-track1-mcd_5_S64,max,mutants\udacity_add_weights_regularisation_mutated0_MP_l2_3_0,16,12,4,3,2,96,1,92,75,76,0.0069072374873710716,"[370, 695, 697, 893, 1180, 1483, 1763, 1995, 2297, 2331, 2354, 2935, 3172, 3470, 3905, 5036, 5042, 5255, 5942]","[1483, 1763, 1995, 2297, 2354, 2935, 3172, 3470, 3905, 5036, 5255, 5942]","[370, 695, 893, 1180]","[697, 2331, 5042]"
dave2-p10-track1-mcd_5_S64,max,mutants\udacity_add_weights_regularisation_mutated0_MP_l2_3_0,16,16,0,3,3,99,1,94,100,99,0.0069072374873710716,"[370, 695, 697, 893, 1180, 1483, 1763, 1995, 2297, 2331, 2354, 2935, 3172, 3470, 3905, 5036, 5042, 5255, 5942]","[370, 695, 893, 1180, 1483, 1763, 1995, 2297, 2354, 2935, 3172, 3470, 3905, 5036, 5255, 5942]",[],"[697, 2331, 5042]"
dave2-p10-track1-mcd_5_S64,max,mutants\udacity_change_activation_function_mutated0_MP_exponential_4_0,12,11,1,3,1,98,1,92,92,92,0.0069072374873710716,"[407, 771, 780, 1056, 1291, 1655, 1685, 2094, 2430, 3312, 4088, 4295, 4757, 5243, 5257]","[771, 1056, 1291, 1655, 2094, 2430, 3312, 4088, 4295, 4757, 5243]",[407],"[780, 1685, 5257]"
dave2-p10-track1-mcd_5_S64,max,mutants\udacity_change_activation_function_mutated0_MP_exponential_4_0,12,10,2,3,2,97,1,91,83,84,0.0069072374873710716,"[407, 771, 780, 1056, 1291, 1655, 1685, 2094, 2430, 3312, 4088, 4295, 4757, 5243, 5257]","[1056, 1291, 1655, 2094, 2430, 3312, 4088, 4295, 4757, 5243]","[407, 771]","[780, 1685, 5257]"
dave2-p10-track1-mcd_5_S64,max,mutants\udacity_change_activation_function_mutated0_MP_exponential_4_0,12,3,9,3,3,92,1,75,25,27,0.0069072374873710716,"[407, 771, 780, 1056, 1291, 1655, 1685, 2094, 2430, 3312, 4088, 4295, 4757, 5243, 5257]","[4295, 4757, 5243]","[407, 771, 1056, 1291, 1655, 2094, 2430, 3312, 4088]","[780, 1685, 5257]"
dave2-p10-track1-mcd_5_S64,max,mutants\udacity_change_activation_function_mutated0_MP_hard_sigmoid_4_0,7,7,0,1,1,99,1,88,100,99,0.0069072374873710716,"[445, 919, 1619, 2607, 3164, 4339, 4382, 4385]","[445, 919, 1619, 2607, 3164, 4339, 4382]",[],[4385]
dave2-p10-track1-mcd_5_S64,max,mutants\udacity_change_activation_function_mutated0_MP_hard_sigmoid_4_0,7,3,4,1,2,96,1,75,43,45,0.0069072374873710716,"[445, 919, 1619, 2607, 3164, 4339, 4382, 4385]","[3164, 4339, 4382]","[445, 919, 1619, 2607]",[4385]
dave2-p10-track1-mcd_5_S64,max,mutants\udacity_change_activation_function_mutated0_MP_hard_sigmoid_4_0,7,3,4,1,3,96,1,75,43,45,0.0069072374873710716,"[445, 919, 1619, 2607, 3164, 4339, 4382, 4385]","[3164, 4339, 4382]","[445, 919, 1619, 2607]",[4385]
dave2-p10-track1-mcd_5_S64,max,mutants\udacity_change_activation_function_mutated0_MP_relu_4_2,16,15,1,2,1,98,1,94,94,94,0.0069072374873710716,"[314, 593, 829, 1061, 1283, 1493, 1503, 2589, 2824, 2826, 3158, 3386, 3900, 4112, 4251, 4471, 4868, 5017]","[593, 829, 1061, 1283, 1493, 2589, 2824, 3158, 3386, 3900, 4112, 4251, 4471, 4868, 5017]",[314],"[1503, 2826]"
dave2-p10-track1-mcd_5_S64,max,mutants\udacity_change_activation_function_mutated0_MP_relu_4_2,16,12,4,2,2,96,1,92,75,76,0.0069072374873710716,"[314, 593, 829, 1061, 1283, 1493, 1503, 2589, 2824, 2826, 3158, 3386, 3900, 4112, 4251, 4471, 4868, 5017]","[1283, 1493, 2589, 2824, 3158, 3386, 3900, 4112, 4251, 4471, 4868, 5017]","[314, 593, 829, 1061]","[1503, 2826]"
dave2-p10-track1-mcd_5_S64,max,mutants\udacity_change_activation_function_mutated0_MP_relu_4_2,14,4,10,4,3,91,1,80,29,31,0.0069072374873710716,"[314, 593, 829, 1061, 1283, 1493, 1503, 2589, 2824, 2826, 3158, 3386, 3900, 4112, 4251, 4471, 4868, 5017]","[4112, 4471, 4868, 5017]","[314, 593, 829, 1061, 1283, 1493, 2589, 3158, 3386, 3900]","[1503, 2824, 2826, 4251]"
dave2-p10-track1-mcd_5_S64,max,mutants\udacity_change_activation_function_mutated0_MP_selu_4_0,7,7,0,0,1,99,1,88,100,99,0.0069072374873710716,"[733, 1013, 1449, 1764, 3841, 4350, 4545]","[733, 1013, 1449, 1764, 3841, 4350, 4545]",[],[]
dave2-p10-track1-mcd_5_S64,max,mutants\udacity_change_activation_function_mutated0_MP_selu_4_0,7,7,0,0,2,99,1,88,100,99,0.0069072374873710716,"[733, 1013, 1449, 1764, 3841, 4350, 4545]","[733, 1013, 1449, 1764, 3841, 4350, 4545]",[],[]
dave2-p10-track1-mcd_5_S64,max,mutants\udacity_change_activation_function_mutated0_MP_selu_4_0,7,3,4,0,3,96,1,75,43,45,0.0069072374873710716,"[733, 1013, 1449, 1764, 3841, 4350, 4545]","[3841, 4350, 4545]","[733, 1013, 1449, 1764]",[]
dave2-p10-track1-mcd_5_S64,max,mutants\udacity_change_activation_function_mutated0_MP_sigmoid_4_3,12,12,0,3,1,99,1,92,100,99,0.0069072374873710716,"[532, 920, 1914, 2307, 2896, 3205, 3207, 4096, 4261, 4301, 4310, 4328, 4364, 4614, 5014]","[532, 920, 1914, 2307, 2896, 3205, 4096, 4261, 4301, 4364, 4614, 5014]",[],"[3207, 4310, 4328]"
dave2-p10-track1-mcd_5_S64,max,mutants\udacity_change_activation_function_mutated0_MP_sigmoid_4_3,12,11,1,3,2,98,1,92,92,92,0.0069072374873710716,"[532, 920, 1914, 2307, 2896, 3205, 3207, 4096, 4261, 4301, 4310, 4328, 4364, 4614, 5014]","[920, 1914, 2307, 2896, 3205, 4096, 4261, 4301, 4364, 4614, 5014]",[532],"[3207, 4310, 4328]"
dave2-p10-track1-mcd_5_S64,max,mutants\udacity_change_activation_function_mutated0_MP_sigmoid_4_3,11,4,7,4,3,93,1,80,36,38,0.0069072374873710716,"[532, 920, 1914, 2307, 2896, 3205, 3207, 4096, 4261, 4301, 4310, 4328, 4364, 4614, 5014]","[4301, 4364, 4614, 5014]","[532, 920, 1914, 2307, 2896, 3205, 4096]","[3207, 4261, 4310, 4328]"
dave2-p10-track1-mcd_5_S64,max,mutants\udacity_change_activation_function_mutated0_MP_softmax_4_4,12,12,0,2,1,99,1,92,100,99,0.0069072374873710716,"[552, 848, 1141, 1448, 1746, 2029, 2285, 2868, 2882, 3129, 3677, 3935, 3943, 4661]","[552, 848, 1141, 1448, 1746, 2029, 2285, 2868, 3129, 3677, 3935, 4661]",[],"[2882, 3943]"
dave2-p10-track1-mcd_5_S64,max,mutants\udacity_change_activation_function_mutated0_MP_softmax_4_4,12,5,7,2,2,93,1,83,42,44,0.0069072374873710716,"[552, 848, 1141, 1448, 1746, 2029, 2285, 2868, 2882, 3129, 3677, 3935, 3943, 4661]","[2868, 3129, 3677, 3935, 4661]","[552, 848, 1141, 1448, 1746, 2029, 2285]","[2882, 3943]"
dave2-p10-track1-mcd_5_S64,max,mutants\udacity_change_activation_function_mutated0_MP_softmax_4_4,12,2,10,2,3,91,1,67,17,18,0.0069072374873710716,"[552, 848, 1141, 1448, 1746, 2029, 2285, 2868, 2882, 3129, 3677, 3935, 3943, 4661]","[3935, 4661]","[552, 848, 1141, 1448, 1746, 2029, 2285, 2868, 3129, 3677]","[2882, 3943]"
dave2-p10-track1-mcd_5_S64,max,mutants\udacity_change_activation_function_mutated0_MP_softsign_4_5,12,12,0,9,1,99,1,92,100,99,0.0069072374873710716,"[336, 743, 2942, 2945, 3177, 3186, 3210, 3544, 3922, 4632, 4685, 4697, 4723, 4741, 4770, 4909, 5080, 5097, 7331, 7566, 8635]","[336, 743, 2942, 3177, 3544, 3922, 4632, 4909, 5080, 7331, 7566, 8635]",[],"[2945, 3186, 3210, 4685, 4697, 4723, 4741, 4770, 5097]"
dave2-p10-track1-mcd_5_S64,max,mutants\udacity_change_activation_function_mutated0_MP_softsign_4_5,12,8,4,9,2,96,1,89,67,68,0.0069072374873710716,"[336, 743, 2942, 2945, 3177, 3186, 3210, 3544, 3922, 4632, 4685, 4697, 4723, 4741, 4770, 4909, 5080, 5097, 7331, 7566, 8635]","[3544, 3922, 4632, 4723, 4909, 5080, 7331, 8635]","[336, 743, 2942, 3210]","[2945, 3177, 3186, 4685, 4697, 4741, 4770, 5097, 7566]"
dave2-p10-track1-mcd_5_S64,max,mutants\udacity_change_activation_function_mutated0_MP_softsign_4_5,10,9,1,11,3,98,1,90,90,90,0.0069072374873710716,"[336, 743, 2942, 2945, 3177, 3186, 3210, 3544, 3922, 4632, 4685, 4697, 4723, 4741, 4770, 4909, 5080, 5097, 7331, 7566, 8635]","[743, 2942, 3544, 3922, 4632, 4723, 5080, 7331, 8635]",[336],"[2945, 3177, 3186, 3210, 4685, 4697, 4741, 4770, 4909, 5097, 7566]"
dave2-p10-track1-mcd_5_S64,max,mutants\udacity_change_activation_function_mutated0_MP_tanh_4_2,10,10,0,4,1,99,1,91,100,99,0.0069072374873710716,"[500, 511, 514, 974, 982, 1246, 1810, 2069, 2471, 2872, 3171, 3733, 4016, 4030]","[500, 974, 1246, 1810, 2069, 2471, 2872, 3171, 3733, 4016]",[],"[511, 514, 982, 4030]"
dave2-p10-track1-mcd_5_S64,max,mutants\udacity_change_activation_function_mutated0_MP_tanh_4_2,10,9,1,4,2,98,1,90,90,90,0.0069072374873710716,"[500, 511, 514, 974, 982, 1246, 1810, 2069, 2471, 2872, 3171, 3733, 4016, 4030]","[974, 1246, 1810, 2069, 2471, 2872, 3171, 3733, 4016]",[500],"[511, 514, 982, 4030]"
dave2-p10-track1-mcd_5_S64,max,mutants\udacity_change_activation_function_mutated0_MP_tanh_4_2,10,4,6,4,3,94,1,80,40,42,0.0069072374873710716,"[500, 511, 514, 974, 982, 1246, 1810, 2069, 2471, 2872, 3171, 3733, 4016, 4030]","[2872, 3171, 3733, 4016]","[500, 974, 1246, 1810, 2069, 2471]","[511, 514, 982, 4030]"
dave2-p10-track1-mcd_5_S64,max,mutants\udacity_change_dropout_rate_mutated0_MP_0.25_0.25_6_7,10,9,1,4,1,98,1,90,90,90,0.0069072374873710716,"[384, 395, 570, 1205, 1564, 3179, 3414, 3429, 3431, 3935, 4516, 4523, 5032, 5531]","[570, 1205, 1564, 3179, 3414, 3935, 4516, 5032, 5531]",[384],"[395, 3429, 3431, 4523]"
dave2-p10-track1-mcd_5_S64,max,mutants\udacity_change_dropout_rate_mutated0_MP_0.25_0.25_6_7,10,10,0,4,2,99,1,91,100,99,0.0069072374873710716,"[384, 395, 570, 1205, 1564, 3179, 3414, 3429, 3431, 3935, 4516, 4523, 5032, 5531]","[384, 570, 1205, 1564, 3179, 3414, 3935, 4516, 5032, 5531]",[],"[395, 3429, 3431, 4523]"
dave2-p10-track1-mcd_5_S64,max,mutants\udacity_change_dropout_rate_mutated0_MP_0.25_0.25_6_7,10,5,5,4,3,95,1,83,50,52,0.0069072374873710716,"[384, 395, 570, 1205, 1564, 3179, 3414, 3429, 3431, 3935, 4516, 4523, 5032, 5531]","[3414, 3935, 4516, 5032, 5531]","[384, 570, 1205, 1564, 3179]","[395, 3429, 3431, 4523]"
dave2-p10-track1-mcd_5_S64,max,mutants\udacity_change_dropout_rate_mutated0_MP_0.75_0.75_6_0,9,9,0,0,1,99,1,90,100,99,0.0069072374873710716,"[548, 951, 2068, 2629, 3195, 3614, 3885, 4384, 4726]","[548, 951, 2068, 2629, 3195, 3614, 3885, 4384, 4726]",[],[]
dave2-p10-track1-mcd_5_S64,max,mutants\udacity_change_dropout_rate_mutated0_MP_0.75_0.75_6_0,9,8,1,0,2,98,1,89,89,89,0.0069072374873710716,"[548, 951, 2068, 2629, 3195, 3614, 3885, 4384, 4726]","[951, 2068, 2629, 3195, 3614, 3885, 4384, 4726]",[548],[]
dave2-p10-track1-mcd_5_S64,max,mutants\udacity_change_dropout_rate_mutated0_MP_0.75_0.75_6_0,9,0,9,0,3,0,0,0,0,0,0.0069072374873710716,"[548, 951, 2068, 2629, 3195, 3614, 3885, 4384, 4726]",[],"[548, 951, 2068, 2629, 3195, 3614, 3885, 4384, 4726]",[]
dave2-p10-track1-mcd_5_S64,max,mutants\udacity_change_dropout_rate_mutated0_MP_0.125_0.125_6_2,13,11,2,3,1,97,1,92,85,85,0.0069072374873710716,"[390, 403, 614, 619, 982, 1486, 1960, 2525, 2815, 3450, 3462, 4013, 4244, 4866, 5199, 5511]","[982, 1486, 1960, 2525, 2815, 3450, 4013, 4244, 4866, 5199, 5511]","[390, 614]","[403, 619, 3462]"
dave2-p10-track1-mcd_5_S64,max,mutants\udacity_change_dropout_rate_mutated0_MP_0.125_0.125_6_2,13,11,2,3,2,97,1,92,85,85,0.0069072374873710716,"[390, 403, 614, 619, 982, 1486, 1960, 2525, 2815, 3450, 3462, 4013, 4244, 4866, 5199, 5511]","[982, 1486, 1960, 2525, 2815, 3450, 4013, 4244, 4866, 5199, 5511]","[390, 614]","[403, 619, 3462]"
dave2-p10-track1-mcd_5_S64,max,mutants\udacity_change_dropout_rate_mutated0_MP_0.125_0.125_6_2,13,11,2,3,3,97,1,92,85,85,0.0069072374873710716,"[390, 403, 614, 619, 982, 1486, 1960, 2525, 2815, 3450, 3462, 4013, 4244, 4866, 5199, 5511]","[982, 1486, 1960, 2525, 2815, 3450, 4013, 4244, 4866, 5199, 5511]","[390, 614]","[403, 619, 3462]"
dave2-p10-track1-mcd_5_S64,max,mutants\udacity_change_dropout_rate_mutated0_MP_1.0_1.0_6_1,4,4,0,0,1,99,1,80,100,98,0.0069072374873710716,"[949, 2484, 2975, 4629]","[949, 2484, 2975, 4629]",[],[]
dave2-p10-track1-mcd_5_S64,max,mutants\udacity_change_dropout_rate_mutated0_MP_1.0_1.0_6_1,4,4,0,0,2,99,1,80,100,98,0.0069072374873710716,"[949, 2484, 2975, 4629]","[949, 2484, 2975, 4629]",[],[]
dave2-p10-track1-mcd_5_S64,max,mutants\udacity_change_dropout_rate_mutated0_MP_1.0_1.0_6_1,4,0,4,0,3,0,0,0,0,0,0.0069072374873710716,"[949, 2484, 2975, 4629]",[],"[949, 2484, 2975, 4629]",[]
dave2-p10-track1-mcd_5_S64,max,mutants\udacity_change_label_mutated0_MP_12.5_4,9,8,1,3,1,98,1,89,89,89,0.0069072374873710716,"[422, 438, 459, 758, 1240, 2872, 3366, 3599, 4200, 4459, 4493, 4802]","[758, 1240, 2872, 3366, 3599, 4200, 4459, 4802]",[422],"[438, 459, 4493]"
dave2-p10-track1-mcd_5_S64,max,mutants\udacity_change_label_mutated0_MP_12.5_4,9,0,9,3,2,0,0,0,0,0,0.0069072374873710716,"[422, 438, 459, 758, 1240, 2872, 3366, 3599, 4200, 4459, 4493, 4802]",[],"[422, 758, 1240, 2872, 3366, 3599, 4200, 4459, 4802]","[438, 459, 4493]"
dave2-p10-track1-mcd_5_S64,max,mutants\udacity_change_label_mutated0_MP_12.5_4,9,6,3,3,3,97,1,86,67,68,0.0069072374873710716,"[422, 438, 459, 758, 1240, 2872, 3366, 3599, 4200, 4459, 4493, 4802]","[2872, 3366, 3599, 4200, 4459, 4802]","[422, 758, 1240]","[438, 459, 4493]"
dave2-p10-track1-mcd_5_S64,max,mutants\udacity_change_label_mutated0_MP_25.0_1,4,4,0,1,1,99,1,80,100,98,0.0069072374873710716,"[388, 3265, 4550, 4574, 5058]","[388, 3265, 4550, 5058]",[],[4574]
dave2-p10-track1-mcd_5_S64,max,mutants\udacity_change_label_mutated0_MP_25.0_1,4,3,1,1,2,98,1,75,75,75,0.0069072374873710716,"[388, 3265, 4550, 4574, 5058]","[3265, 4550, 5058]",[388],[4574]
dave2-p10-track1-mcd_5_S64,max,mutants\udacity_change_label_mutated0_MP_25.0_1,4,0,4,1,3,0,0,0,0,0,0.0069072374873710716,"[388, 3265, 4550, 4574, 5058]",[],"[388, 3265, 4550, 5058]",[4574]
dave2-p10-track1-mcd_5_S64,max,mutants\udacity_change_loss_function_mutated0_MP_mean_absolute_error_2,10,10,0,2,1,99,1,91,100,99,0.0069072374873710716,"[503, 518, 829, 1024, 1488, 1950, 2708, 2932, 3717, 4023, 4025, 4816]","[503, 829, 1024, 1488, 1950, 2708, 2932, 3717, 4023, 4816]",[],"[518, 4025]"
dave2-p10-track1-mcd_5_S64,max,mutants\udacity_change_loss_function_mutated0_MP_mean_absolute_error_2,10,9,1,2,2,98,1,90,90,90,0.0069072374873710716,"[503, 518, 829, 1024, 1488, 1950, 2708, 2932, 3717, 4023, 4025, 4816]","[829, 1024, 1488, 1950, 2708, 2932, 3717, 4023, 4816]",[503],"[518, 4025]"
dave2-p10-track1-mcd_5_S64,max,mutants\udacity_change_loss_function_mutated0_MP_mean_absolute_error_2,10,4,6,2,3,94,1,80,40,42,0.0069072374873710716,"[503, 518, 829, 1024, 1488, 1950, 2708, 2932, 3717, 4023, 4025, 4816]","[2932, 3717, 4023, 4816]","[503, 829, 1024, 1488, 1950, 2708]","[518, 4025]"
dave2-p10-track1-mcd_5_S64,max,ood\xai-track1-fog-10,2,1,1,1,1,98,1,50,50,50,0.0069072374873710716,"[2297, 2359, 2926]",[2926],[2297],[2359]
dave2-p10-track1-mcd_5_S64,max,ood\xai-track1-fog-10,2,1,1,1,2,98,1,50,50,50,0.0069072374873710716,"[2297, 2359, 2926]",[2926],[2297],[2359]
dave2-p10-track1-mcd_5_S64,max,ood\xai-track1-fog-10,3,0,3,0,3,0,0,0,0,0,0.0069072374873710716,"[2297, 2359, 2926]",[],"[2297, 2359, 2926]",[]
dave2-p10-track1-mcd_5_S64,max,ood\xai-track1-fog-20,4,4,0,1,1,99,1,80,100,98,0.0069072374873710716,"[1670, 3204, 3357, 3404, 4238]","[1670, 3204, 3357, 4238]",[],[3404]
dave2-p10-track1-mcd_5_S64,max,ood\xai-track1-fog-20,4,1,3,1,2,96,1,50,25,26,0.0069072374873710716,"[1670, 3204, 3357, 3404, 4238]",[4238],"[1670, 3204, 3357]",[3404]
dave2-p10-track1-mcd_5_S64,max,ood\xai-track1-fog-20,5,0,5,0,3,0,0,0,0,0,0.0069072374873710716,"[1670, 3204, 3357, 3404, 4238]",[],"[1670, 3204, 3357, 3404, 4238]",[]
dave2-p10-track1-mcd_5_S64,max,ood\xai-track1-fog-40,3,3,0,0,1,99,1,75,100,97,0.0069072374873710716,"[1724, 3202, 3758]","[1724, 3202, 3758]",[],[]
dave2-p10-track1-mcd_5_S64,max,ood\xai-track1-fog-40,3,0,3,0,2,0,0,0,0,0,0.0069072374873710716,"[1724, 3202, 3758]",[],"[1724, 3202, 3758]",[]
dave2-p10-track1-mcd_5_S64,max,ood\xai-track1-fog-40,3,0,3,0,3,0,0,0,0,0,0.0069072374873710716,"[1724, 3202, 3758]",[],"[1724, 3202, 3758]",[]
dave2-p10-track1-mcd_5_S64,max,ood\xai-track1-fog-50,3,3,0,1,1,99,1,75,100,97,0.0069072374873710716,"[1862, 2970, 3075, 3672]","[1862, 2970, 3672]",[],[3075]
dave2-p10-track1-mcd_5_S64,max,ood\xai-track1-fog-50,3,0,3,1,2,0,0,0,0,0,0.0069072374873710716,"[1862, 2970, 3075, 3672]",[],"[1862, 2970, 3672]",[3075]
dave2-p10-track1-mcd_5_S64,max,ood\xai-track1-fog-50,3,0,3,1,3,0,0,0,0,0,0.0069072374873710716,"[1862, 2970, 3075, 3672]",[],"[1862, 2970, 3672]",[3075]
dave2-p10-track1-mcd_5_S64,max,ood\xai-track1-fog-60,1,1,0,0,1,99,1,50,100,91,0.0069072374873710716,[2595],[2595],[],[]
dave2-p10-track1-mcd_5_S64,max,ood\xai-track1-fog-60,1,1,0,0,2,99,1,50,100,91,0.0069072374873710716,[2595],[2595],[],[]
dave2-p10-track1-mcd_5_S64,max,ood\xai-track1-fog-60,1,0,1,0,3,0,0,0,0,0,0.0069072374873710716,[2595],[],[2595],[]
dave2-p10-track1-mcd_5_S64,max,ood\xai-track1-fog-70,2,2,0,0,1,99,1,67,100,95,0.0069072374873710716,"[1738, 3466]","[1738, 3466]",[],[]
dave2-p10-track1-mcd_5_S64,max,ood\xai-track1-fog-70,2,0,2,0,2,0,0,0,0,0,0.0069072374873710716,"[1738, 3466]",[],"[1738, 3466]",[]
dave2-p10-track1-mcd_5_S64,max,ood\xai-track1-fog-70,2,0,2,0,3,0,0,0,0,0,0.0069072374873710716,"[1738, 3466]",[],"[1738, 3466]",[]
dave2-p10-track1-mcd_5_S64,max,ood\xai-track1-fog-80,1,1,0,0,1,99,1,50,100,91,0.0069072374873710716,[2524],[2524],[],[]
dave2-p10-track1-mcd_5_S64,max,ood\xai-track1-fog-80,1,0,1,0,2,0,0,0,0,0,0.0069072374873710716,[2524],[],[2524],[]
dave2-p10-track1-mcd_5_S64,max,ood\xai-track1-fog-80,1,0,1,0,3,0,0,0,0,0,0.0069072374873710716,[2524],[],[2524],[]
dave2-p10-track1-mcd_5_S64,max,ood\xai-track1-fog-90,1,1,0,0,1,99,1,50,100,91,0.0069072374873710716,[2541],[2541],[],[]
dave2-p10-track1-mcd_5_S64,max,ood\xai-track1-fog-90,1,0,1,0,2,0,0,0,0,0,0.0069072374873710716,[2541],[],[2541],[]
dave2-p10-track1-mcd_5_S64,max,ood\xai-track1-fog-90,1,0,1,0,3,0,0,0,0,0,0.0069072374873710716,[2541],[],[2541],[]
dave2-p10-track1-mcd_5_S64,max,ood\xai-track1-fog-100,4,4,0,0,1,99,1,80,100,98,0.0069072374873710716,"[1799, 3896, 4419, 4861]","[1799, 3896, 4419, 4861]",[],[]
dave2-p10-track1-mcd_5_S64,max,ood\xai-track1-fog-100,4,4,0,0,2,99,1,80,100,98,0.0069072374873710716,"[1799, 3896, 4419, 4861]","[1799, 3896, 4419, 4861]",[],[]
dave2-p10-track1-mcd_5_S64,max,ood\xai-track1-fog-100,4,0,4,0,3,0,0,0,0,0,0.0069072374873710716,"[1799, 3896, 4419, 4861]",[],"[1799, 3896, 4419, 4861]",[]
dave2-p10-track1-mcd_5_S64,max,ood\xai-track1-rain-10,1,1,0,0,1,99,1,50,100,91,0.0069072374873710716,[2565],[2565],[],[]
dave2-p10-track1-mcd_5_S64,max,ood\xai-track1-rain-10,1,1,0,0,2,99,1,50,100,91,0.0069072374873710716,[2565],[2565],[],[]
dave2-p10-track1-mcd_5_S64,max,ood\xai-track1-rain-10,1,0,1,0,3,0,0,0,0,0,0.0069072374873710716,[2565],[],[2565],[]
dave2-p10-track1-mcd_5_S64,max,ood\xai-track1-rain-20,3,3,0,0,1,99,1,75,100,97,0.0069072374873710716,"[1557, 2477, 2814]","[1557, 2477, 2814]",[],[]
dave2-p10-track1-mcd_5_S64,max,ood\xai-track1-rain-20,3,1,2,0,2,97,1,50,33,34,0.0069072374873710716,"[1557, 2477, 2814]",[2814],"[1557, 2477]",[]
dave2-p10-track1-mcd_5_S64,max,ood\xai-track1-rain-20,3,0,3,0,3,0,0,0,0,0,0.0069072374873710716,"[1557, 2477, 2814]",[],"[1557, 2477, 2814]",[]
dave2-p10-track1-mcd_5_S64,max,ood\xai-track1-rain-30,2,1,1,0,1,98,1,50,50,50,0.0069072374873710716,"[2119, 2581]",[2581],[2119],[]
dave2-p10-track1-mcd_5_S64,max,ood\xai-track1-rain-30,2,1,1,0,2,98,1,50,50,50,0.0069072374873710716,"[2119, 2581]",[2581],[2119],[]
dave2-p10-track1-mcd_5_S64,max,ood\xai-track1-rain-30,2,0,2,0,3,0,0,0,0,0,0.0069072374873710716,"[2119, 2581]",[],"[2119, 2581]",[]
dave2-p10-track1-mcd_5_S64,max,ood\xai-track1-rain-40,3,3,0,0,1,99,1,75,100,97,0.0069072374873710716,"[2168, 2288, 2950]","[2168, 2288, 2950]",[],[]
dave2-p10-track1-mcd_5_S64,max,ood\xai-track1-rain-40,2,1,1,1,2,98,1,50,50,50,0.0069072374873710716,"[2168, 2288, 2950]",[2950],[2168],[2288]
dave2-p10-track1-mcd_5_S64,max,ood\xai-track1-rain-40,2,0,2,1,3,0,0,0,0,0,0.0069072374873710716,"[2168, 2288, 2950]",[],"[2168, 2950]",[2288]
dave2-p10-track1-mcd_5_S64,max,ood\xai-track1-rain-50,2,2,0,0,1,99,1,67,100,95,0.0069072374873710716,"[2138, 2488]","[2138, 2488]",[],[]
dave2-p10-track1-mcd_5_S64,max,ood\xai-track1-rain-50,2,2,0,0,2,99,1,67,100,95,0.0069072374873710716,"[2138, 2488]","[2138, 2488]",[],[]
dave2-p10-track1-mcd_5_S64,max,ood\xai-track1-rain-50,2,0,2,0,3,0,0,0,0,0,0.0069072374873710716,"[2138, 2488]",[],"[2138, 2488]",[]
dave2-p10-track1-mcd_5_S64,max,ood\xai-track1-rain-60,2,2,0,0,1,99,1,67,100,95,0.0069072374873710716,"[2262, 2610]","[2262, 2610]",[],[]
dave2-p10-track1-mcd_5_S64,max,ood\xai-track1-rain-60,2,1,1,0,2,98,1,50,50,50,0.0069072374873710716,"[2262, 2610]",[2610],[2262],[]
dave2-p10-track1-mcd_5_S64,max,ood\xai-track1-rain-60,2,0,2,0,3,0,0,0,0,0,0.0069072374873710716,"[2262, 2610]",[],"[2262, 2610]",[]
dave2-p10-track1-mcd_5_S64,max,ood\xai-track1-rain-70,2,1,1,0,1,98,1,50,50,50,0.0069072374873710716,"[2154, 2614]",[2614],[2154],[]
dave2-p10-track1-mcd_5_S64,max,ood\xai-track1-rain-70,2,1,1,0,2,98,1,50,50,50,0.0069072374873710716,"[2154, 2614]",[2614],[2154],[]
dave2-p10-track1-mcd_5_S64,max,ood\xai-track1-rain-70,2,0,2,0,3,0,0,0,0,0,0.0069072374873710716,"[2154, 2614]",[],"[2154, 2614]",[]
dave2-p10-track1-mcd_5_S64,max,ood\xai-track1-rain-80,3,2,1,0,1,98,1,67,67,67,0.0069072374873710716,"[1550, 2428, 2761]","[2428, 2761]",[1550],[]
dave2-p10-track1-mcd_5_S64,max,ood\xai-track1-rain-80,3,1,2,0,2,97,1,50,33,34,0.0069072374873710716,"[1550, 2428, 2761]",[2761],"[1550, 2428]",[]
dave2-p10-track1-mcd_5_S64,max,ood\xai-track1-rain-80,3,0,3,0,3,0,0,0,0,0,0.0069072374873710716,"[1550, 2428, 2761]",[],"[1550, 2428, 2761]",[]
dave2-p10-track1-mcd_5_S64,max,ood\xai-track1-rain-90,2,2,0,1,1,99,1,67,100,95,0.0069072374873710716,"[2053, 2521, 2537]","[2053, 2521]",[],[2537]
dave2-p10-track1-mcd_5_S64,max,ood\xai-track1-rain-90,2,1,1,1,2,98,1,50,50,50,0.0069072374873710716,"[2053, 2521, 2537]",[2521],[2053],[2537]
dave2-p10-track1-mcd_5_S64,max,ood\xai-track1-rain-90,2,1,1,1,3,98,1,50,50,50,0.0069072374873710716,"[2053, 2521, 2537]",[2521],[2053],[2537]
dave2-p10-track1-mcd_5_S64,max,ood\xai-track1-rain-100,2,2,0,0,1,99,1,67,100,95,0.0069072374873710716,"[2192, 2547]","[2192, 2547]",[],[]
dave2-p10-track1-mcd_5_S64,max,ood\xai-track1-rain-100,2,2,0,0,2,99,1,67,100,95,0.0069072374873710716,"[2192, 2547]","[2192, 2547]",[],[]
dave2-p10-track1-mcd_5_S64,max,ood\xai-track1-rain-100,2,0,2,0,3,0,0,0,0,0,0.0069072374873710716,"[2192, 2547]",[],"[2192, 2547]",[]
dave2-p10-track1-mcd_5_S64,max,ood\xai-track1-snow-10,3,1,2,0,1,97,1,50,33,34,0.0069072374873710716,"[2103, 2232, 2705]",[2705],"[2103, 2232]",[]
dave2-p10-track1-mcd_5_S64,max,ood\xai-track1-snow-10,2,1,1,1,2,98,1,50,50,50,0.0069072374873710716,"[2103, 2232, 2705]",[2705],[2103],[2232]
dave2-p10-track1-mcd_5_S64,max,ood\xai-track1-snow-10,2,0,2,1,3,0,0,0,0,0,0.0069072374873710716,"[2103, 2232, 2705]",[],"[2103, 2705]",[2232]
dave2-p10-track1-mcd_5_S64,max,ood\xai-track1-snow-20,2,1,1,1,1,98,1,50,50,50,0.0069072374873710716,"[2191, 2264, 2798]",[2798],[2191],[2264]
dave2-p10-track1-mcd_5_S64,max,ood\xai-track1-snow-20,2,1,1,1,2,98,1,50,50,50,0.0069072374873710716,"[2191, 2264, 2798]",[2798],[2191],[2264]
dave2-p10-track1-mcd_5_S64,max,ood\xai-track1-snow-20,2,0,2,1,3,0,0,0,0,0,0.0069072374873710716,"[2191, 2264, 2798]",[],"[2191, 2798]",[2264]
dave2-p10-track1-mcd_5_S64,max,ood\xai-track1-snow-30,2,1,1,0,1,98,1,50,50,50,0.0069072374873710716,"[2123, 2608]",[2608],[2123],[]
dave2-p10-track1-mcd_5_S64,max,ood\xai-track1-snow-30,2,1,1,0,2,98,1,50,50,50,0.0069072374873710716,"[2123, 2608]",[2608],[2123],[]
dave2-p10-track1-mcd_5_S64,max,ood\xai-track1-snow-30,2,0,2,0,3,0,0,0,0,0,0.0069072374873710716,"[2123, 2608]",[],"[2123, 2608]",[]
dave2-p10-track1-mcd_5_S64,max,ood\xai-track1-snow-40,2,2,0,0,1,99,1,67,100,95,0.0069072374873710716,"[1601, 3390]","[1601, 3390]",[],[]
dave2-p10-track1-mcd_5_S64,max,ood\xai-track1-snow-40,2,1,1,0,2,98,1,50,50,50,0.0069072374873710716,"[1601, 3390]",[3390],[1601],[]
dave2-p10-track1-mcd_5_S64,max,ood\xai-track1-snow-40,2,0,2,0,3,0,0,0,0,0,0.0069072374873710716,"[1601, 3390]",[],"[1601, 3390]",[]
dave2-p10-track1-mcd_5_S64,max,ood\xai-track1-snow-50,3,1,2,0,1,97,1,50,33,34,0.0069072374873710716,"[2115, 2254, 2632]",[2632],"[2115, 2254]",[]
dave2-p10-track1-mcd_5_S64,max,ood\xai-track1-snow-50,3,2,1,0,2,98,1,67,67,67,0.0069072374873710716,"[2115, 2254, 2632]","[2254, 2632]",[2115],[]
dave2-p10-track1-mcd_5_S64,max,ood\xai-track1-snow-50,2,0,2,1,3,0,0,0,0,0,0.0069072374873710716,"[2115, 2254, 2632]",[],"[2115, 2632]",[2254]
dave2-p10-track1-mcd_5_S64,max,ood\xai-track1-snow-60,2,2,0,0,1,99,1,67,100,95,0.0069072374873710716,"[2362, 2750]","[2362, 2750]",[],[]
dave2-p10-track1-mcd_5_S64,max,ood\xai-track1-snow-60,2,1,1,0,2,98,1,50,50,50,0.0069072374873710716,"[2362, 2750]",[2750],[2362],[]
dave2-p10-track1-mcd_5_S64,max,ood\xai-track1-snow-60,2,0,2,0,3,0,0,0,0,0,0.0069072374873710716,"[2362, 2750]",[],"[2362, 2750]",[]
dave2-p10-track1-mcd_5_S64,max,ood\xai-track1-snow-70,2,2,0,0,1,99,1,67,100,95,0.0069072374873710716,"[2382, 2756]","[2382, 2756]",[],[]
dave2-p10-track1-mcd_5_S64,max,ood\xai-track1-snow-70,2,2,0,0,2,99,1,67,100,95,0.0069072374873710716,"[2382, 2756]","[2382, 2756]",[],[]
dave2-p10-track1-mcd_5_S64,max,ood\xai-track1-snow-70,2,0,2,0,3,0,0,0,0,0,0.0069072374873710716,"[2382, 2756]",[],"[2382, 2756]",[]
dave2-p10-track1-mcd_5_S64,max,ood\xai-track1-snow-90,2,2,0,0,1,99,1,67,100,95,0.0069072374873710716,"[2484, 2855]","[2484, 2855]",[],[]
dave2-p10-track1-mcd_5_S64,max,ood\xai-track1-snow-90,2,2,0,0,2,99,1,67,100,95,0.0069072374873710716,"[2484, 2855]","[2484, 2855]",[],[]
dave2-p10-track1-mcd_5_S64,max,ood\xai-track1-snow-90,2,0,2,0,3,0,0,0,0,0,0.0069072374873710716,"[2484, 2855]",[],"[2484, 2855]",[]
dave2-p10-track1-mcd_5_S64,max,ood\xai-track1-snow-100,2,1,1,0,1,98,1,50,50,50,0.0069072374873710716,"[2336, 2801]",[2801],[2336],[]
dave2-p10-track1-mcd_5_S64,max,ood\xai-track1-snow-100,2,0,2,0,2,0,0,0,0,0,0.0069072374873710716,"[2336, 2801]",[],"[2336, 2801]",[]
dave2-p10-track1-mcd_5_S64,max,ood\xai-track1-snow-100,2,0,2,0,3,0,0,0,0,0,0.0069072374873710716,"[2336, 2801]",[],"[2336, 2801]",[]
