heatmap_type,summarization_method,aggregation_type,simulation_name,confidence_level,failures,detected,undetected,undetectable,ttm,accuracy,fpr,precision,recall,f1,f3
smoothgrad,avg-grad,max,ood/xai-track1-fog-10,0.95,2,1,1,1,1,93,7,12,50,20,38
smoothgrad,avg-grad,max,ood/xai-track1-fog-10,0.95,2,0,2,1,2,0,0,0,0,0,0
smoothgrad,avg-grad,max,ood/xai-track1-fog-10,0.95,3,1,2,0,3,92,7,12,33,18,29
smoothgrad,avg-grad,max,ood/xai-track1-fog-20,0.95,4,4,0,1,1,94,7,36,100,53,85
smoothgrad,avg-grad,max,ood/xai-track1-fog-20,0.95,4,3,1,1,2,93,7,30,75,43,65
smoothgrad,avg-grad,max,ood/xai-track1-fog-20,0.95,5,4,1,0,3,93,7,36,80,50,71
smoothgrad,avg-grad,max,ood/xai-track1-fog-30,0.95,4,2,2,0,1,92,7,22,50,31,44
smoothgrad,avg-grad,max,ood/xai-track1-fog-30,0.95,3,2,1,1,2,93,7,22,67,33,56
smoothgrad,avg-grad,max,ood/xai-track1-fog-30,0.95,3,2,1,1,3,93,7,22,67,33,56
smoothgrad,avg-grad,max,ood/xai-track1-fog-40,0.95,3,0,3,0,1,0,0,0,0,0,0
smoothgrad,avg-grad,max,ood/xai-track1-fog-40,0.95,3,1,2,0,2,92,7,12,33,18,29
smoothgrad,avg-grad,max,ood/xai-track1-fog-40,0.95,3,3,0,0,3,94,7,30,100,46,81
smoothgrad,avg-grad,max,ood/xai-track1-fog-50,0.95,3,1,2,1,1,92,7,12,33,18,29
smoothgrad,avg-grad,max,ood/xai-track1-fog-50,0.95,3,1,2,1,2,92,7,12,33,18,29
smoothgrad,avg-grad,max,ood/xai-track1-fog-50,0.95,3,1,2,1,3,92,7,12,33,18,29
smoothgrad,avg-grad,max,ood/xai-track1-fog-60,0.95,1,1,0,0,1,93,7,12,100,22,59
smoothgrad,avg-grad,max,ood/xai-track1-fog-60,0.95,1,0,1,0,2,0,0,0,0,0,0
smoothgrad,avg-grad,max,ood/xai-track1-fog-60,0.95,1,0,1,0,3,0,0,0,0,0,0
smoothgrad,avg-grad,max,ood/xai-track1-fog-70,0.95,2,0,2,0,1,0,0,0,0,0,0
smoothgrad,avg-grad,max,ood/xai-track1-fog-70,0.95,2,0,2,0,2,0,0,0,0,0,0
smoothgrad,avg-grad,max,ood/xai-track1-fog-70,0.95,2,0,2,0,3,0,0,0,0,0,0
smoothgrad,avg-grad,max,ood/xai-track1-fog-80,0.95,1,1,0,0,1,93,7,12,100,22,59
smoothgrad,avg-grad,max,ood/xai-track1-fog-80,0.95,1,1,0,0,2,93,7,12,100,22,59
smoothgrad,avg-grad,max,ood/xai-track1-fog-80,0.95,1,0,1,0,3,0,0,0,0,0,0
smoothgrad,avg-grad,max,ood/xai-track1-fog-90,0.95,1,1,0,0,1,93,7,12,100,22,59
smoothgrad,avg-grad,max,ood/xai-track1-fog-90,0.95,1,0,1,0,2,0,0,0,0,0,0
smoothgrad,avg-grad,max,ood/xai-track1-fog-90,0.95,1,0,1,0,3,0,0,0,0,0,0
smoothgrad,avg-grad,max,ood/xai-track1-fog-100,0.95,4,3,1,0,1,93,7,30,75,43,65
smoothgrad,avg-grad,max,ood/xai-track1-fog-100,0.95,4,2,2,0,2,92,7,22,50,31,44
smoothgrad,avg-grad,max,ood/xai-track1-fog-100,0.95,4,2,2,0,3,92,7,22,50,31,44
smoothgrad,avg-grad,max,ood/xai-track1-rain-10,0.95,1,1,0,0,1,93,7,12,100,22,59
smoothgrad,avg-grad,max,ood/xai-track1-rain-10,0.95,1,1,0,0,2,93,7,12,100,22,59
smoothgrad,avg-grad,max,ood/xai-track1-rain-10,0.95,1,1,0,0,3,93,7,12,100,22,59
smoothgrad,avg-grad,max,ood/xai-track1-rain-20,0.95,3,2,1,0,1,93,7,22,67,33,56
smoothgrad,avg-grad,max,ood/xai-track1-rain-20,0.95,3,1,2,0,2,92,7,12,33,18,29
smoothgrad,avg-grad,max,ood/xai-track1-rain-20,0.95,3,1,2,0,3,92,7,12,33,18,29
smoothgrad,avg-grad,max,ood/xai-track1-rain-30,0.95,2,2,0,0,1,94,7,22,100,36,74
smoothgrad,avg-grad,max,ood/xai-track1-rain-30,0.95,2,2,0,0,2,94,7,22,100,36,74
smoothgrad,avg-grad,max,ood/xai-track1-rain-30,0.95,2,1,1,0,3,93,7,12,50,20,38
smoothgrad,avg-grad,max,ood/xai-track1-rain-40,0.95,3,1,2,0,1,92,7,12,33,18,29
smoothgrad,avg-grad,max,ood/xai-track1-rain-40,0.95,2,0,2,1,2,0,0,0,0,0,0
smoothgrad,avg-grad,max,ood/xai-track1-rain-40,0.95,2,2,0,1,3,94,7,22,100,36,74
smoothgrad,avg-grad,max,ood/xai-track1-rain-50,0.95,2,2,0,0,1,94,7,22,100,36,74
smoothgrad,avg-grad,max,ood/xai-track1-rain-50,0.95,2,2,0,0,2,94,7,22,100,36,74
smoothgrad,avg-grad,max,ood/xai-track1-rain-50,0.95,2,2,0,0,3,94,7,22,100,36,74
smoothgrad,avg-grad,max,ood/xai-track1-rain-60,0.95,2,2,0,0,1,94,7,22,100,36,74
smoothgrad,avg-grad,max,ood/xai-track1-rain-60,0.95,2,1,1,0,2,93,7,12,50,20,38
smoothgrad,avg-grad,max,ood/xai-track1-rain-60,0.95,2,1,1,0,3,93,7,12,50,20,38
smoothgrad,avg-grad,max,ood/xai-track1-rain-70,0.95,2,2,0,0,1,94,7,22,100,36,74
smoothgrad,avg-grad,max,ood/xai-track1-rain-70,0.95,2,1,1,0,2,93,7,12,50,20,38
smoothgrad,avg-grad,max,ood/xai-track1-rain-70,0.95,2,2,0,0,3,94,7,22,100,36,74
smoothgrad,avg-grad,max,ood/xai-track1-rain-80,0.95,3,2,1,0,1,93,7,22,67,33,56
smoothgrad,avg-grad,max,ood/xai-track1-rain-80,0.95,3,1,2,0,2,92,7,12,33,18,29
smoothgrad,avg-grad,max,ood/xai-track1-rain-80,0.95,3,1,2,0,3,92,7,12,33,18,29
smoothgrad,avg-grad,max,ood/xai-track1-rain-90,0.95,2,1,1,1,1,93,7,12,50,20,38
smoothgrad,avg-grad,max,ood/xai-track1-rain-90,0.95,2,1,1,1,2,93,7,12,50,20,38
smoothgrad,avg-grad,max,ood/xai-track1-rain-90,0.95,2,1,1,1,3,93,7,12,50,20,38
smoothgrad,avg-grad,max,ood/xai-track1-rain-100,0.95,2,2,0,0,1,94,7,22,100,36,74
smoothgrad,avg-grad,max,ood/xai-track1-rain-100,0.95,2,2,0,0,2,94,7,22,100,36,74
smoothgrad,avg-grad,max,ood/xai-track1-rain-100,0.95,2,1,1,0,3,93,7,12,50,20,38
smoothgrad,avg-grad,max,ood/xai-track1-snow-10,0.95,3,1,2,0,1,92,7,12,33,18,29
smoothgrad,avg-grad,max,ood/xai-track1-snow-10,0.95,2,2,0,1,2,94,7,22,100,36,74
smoothgrad,avg-grad,max,ood/xai-track1-snow-10,0.95,2,0,2,1,3,0,0,0,0,0,0
smoothgrad,avg-grad,max,ood/xai-track1-snow-20,0.95,2,2,0,1,1,94,7,22,100,36,74
smoothgrad,avg-grad,max,ood/xai-track1-snow-20,0.95,2,1,1,1,2,93,7,12,50,20,38
smoothgrad,avg-grad,max,ood/xai-track1-snow-20,0.95,2,1,1,1,3,93,7,12,50,20,38
smoothgrad,avg-grad,max,ood/xai-track1-snow-30,0.95,2,2,0,0,1,94,7,22,100,36,74
smoothgrad,avg-grad,max,ood/xai-track1-snow-30,0.95,2,2,0,0,2,94,7,22,100,36,74
smoothgrad,avg-grad,max,ood/xai-track1-snow-30,0.95,2,1,1,0,3,93,7,12,50,20,38
smoothgrad,avg-grad,max,ood/xai-track1-snow-40,0.95,2,1,1,0,1,93,7,12,50,20,38
smoothgrad,avg-grad,max,ood/xai-track1-snow-40,0.95,2,2,0,0,2,94,7,22,100,36,74
smoothgrad,avg-grad,max,ood/xai-track1-snow-40,0.95,2,1,1,0,3,93,7,12,50,20,38
smoothgrad,avg-grad,max,ood/xai-track1-snow-50,0.95,3,2,1,0,1,93,7,22,67,33,56
smoothgrad,avg-grad,max,ood/xai-track1-snow-50,0.95,3,2,1,0,2,93,7,22,67,33,56
smoothgrad,avg-grad,max,ood/xai-track1-snow-50,0.95,2,1,1,1,3,93,7,12,50,20,38
smoothgrad,avg-grad,max,ood/xai-track1-snow-60,0.95,2,2,0,0,1,94,7,22,100,36,74
smoothgrad,avg-grad,max,ood/xai-track1-snow-60,0.95,2,2,0,0,2,94,7,22,100,36,74
smoothgrad,avg-grad,max,ood/xai-track1-snow-60,0.95,2,2,0,0,3,94,7,22,100,36,74
smoothgrad,avg-grad,max,ood/xai-track1-snow-70,0.95,2,2,0,0,1,94,7,22,100,36,74
smoothgrad,avg-grad,max,ood/xai-track1-snow-70,0.95,2,1,1,0,2,93,7,12,50,20,38
smoothgrad,avg-grad,max,ood/xai-track1-snow-70,0.95,2,1,1,0,3,93,7,12,50,20,38
smoothgrad,avg-grad,max,ood/xai-track1-snow-80,0.95,2,2,0,1,1,94,7,22,100,36,74
smoothgrad,avg-grad,max,ood/xai-track1-snow-80,0.95,2,1,1,1,2,93,7,12,50,20,38
smoothgrad,avg-grad,max,ood/xai-track1-snow-80,0.95,3,3,0,0,3,94,7,30,100,46,81
smoothgrad,avg-grad,max,ood/xai-track1-snow-90,0.95,2,2,0,0,1,94,7,22,100,36,74
smoothgrad,avg-grad,max,ood/xai-track1-snow-90,0.95,2,2,0,0,2,94,7,22,100,36,74
smoothgrad,avg-grad,max,ood/xai-track1-snow-90,0.95,2,1,1,0,3,93,7,12,50,20,38
smoothgrad,avg-grad,max,ood/xai-track1-snow-100,0.95,2,2,0,0,1,94,7,22,100,36,74
smoothgrad,avg-grad,max,ood/xai-track1-snow-100,0.95,2,1,1,0,2,93,7,12,50,20,38
smoothgrad,avg-grad,max,ood/xai-track1-snow-100,0.95,2,1,1,0,3,93,7,12,50,20,38
smoothgrad,avg-grad,max,ood/xai-track1-fog-10,0.99,2,0,2,1,1,0,0,0,0,0,0
smoothgrad,avg-grad,max,ood/xai-track1-fog-10,0.99,2,0,2,1,2,0,0,0,0,0,0
smoothgrad,avg-grad,max,ood/xai-track1-fog-10,0.99,3,1,2,0,3,98,0,100,33,50,36
smoothgrad,avg-grad,max,ood/xai-track1-fog-20,0.99,4,3,1,1,1,99,0,100,75,86,77
smoothgrad,avg-grad,max,ood/xai-track1-fog-20,0.99,4,3,1,1,2,99,0,100,75,86,77
smoothgrad,avg-grad,max,ood/xai-track1-fog-20,0.99,5,4,1,0,3,99,0,100,80,89,82
smoothgrad,avg-grad,max,ood/xai-track1-fog-30,0.99,4,2,2,0,1,98,0,100,50,67,53
smoothgrad,avg-grad,max,ood/xai-track1-fog-30,0.99,3,2,1,1,2,99,0,100,67,80,69
smoothgrad,avg-grad,max,ood/xai-track1-fog-30,0.99,3,2,1,1,3,99,0,100,67,80,69
smoothgrad,avg-grad,max,ood/xai-track1-fog-40,0.99,3,0,3,0,1,0,0,0,0,0,0
smoothgrad,avg-grad,max,ood/xai-track1-fog-40,0.99,3,1,2,0,2,98,0,100,33,50,36
smoothgrad,avg-grad,max,ood/xai-track1-fog-40,0.99,3,3,0,0,3,100,0,100,100,100,100
smoothgrad,avg-grad,max,ood/xai-track1-fog-50,0.99,3,0,3,1,1,0,0,0,0,0,0
smoothgrad,avg-grad,max,ood/xai-track1-fog-50,0.99,3,1,2,1,2,98,0,100,33,50,36
smoothgrad,avg-grad,max,ood/xai-track1-fog-50,0.99,3,0,3,1,3,0,0,0,0,0,0
smoothgrad,avg-grad,max,ood/xai-track1-fog-60,0.99,1,1,0,0,1,100,0,100,100,100,100
smoothgrad,avg-grad,max,ood/xai-track1-fog-60,0.99,1,0,1,0,2,0,0,0,0,0,0
smoothgrad,avg-grad,max,ood/xai-track1-fog-60,0.99,1,0,1,0,3,0,0,0,0,0,0
smoothgrad,avg-grad,max,ood/xai-track1-fog-70,0.99,2,0,2,0,1,0,0,0,0,0,0
smoothgrad,avg-grad,max,ood/xai-track1-fog-70,0.99,2,0,2,0,2,0,0,0,0,0,0
smoothgrad,avg-grad,max,ood/xai-track1-fog-70,0.99,2,0,2,0,3,0,0,0,0,0,0
smoothgrad,avg-grad,max,ood/xai-track1-fog-80,0.99,1,1,0,0,1,100,0,100,100,100,100
smoothgrad,avg-grad,max,ood/xai-track1-fog-80,0.99,1,1,0,0,2,100,0,100,100,100,100
smoothgrad,avg-grad,max,ood/xai-track1-fog-80,0.99,1,0,1,0,3,0,0,0,0,0,0
smoothgrad,avg-grad,max,ood/xai-track1-fog-90,0.99,1,0,1,0,1,0,0,0,0,0,0
smoothgrad,avg-grad,max,ood/xai-track1-fog-90,0.99,1,0,1,0,2,0,0,0,0,0,0
smoothgrad,avg-grad,max,ood/xai-track1-fog-90,0.99,1,0,1,0,3,0,0,0,0,0,0
smoothgrad,avg-grad,max,ood/xai-track1-fog-100,0.99,4,2,2,0,1,98,0,100,50,67,53
smoothgrad,avg-grad,max,ood/xai-track1-fog-100,0.99,4,2,2,0,2,98,0,100,50,67,53
smoothgrad,avg-grad,max,ood/xai-track1-fog-100,0.99,4,2,2,0,3,98,0,100,50,67,53
smoothgrad,avg-grad,max,ood/xai-track1-rain-10,0.99,1,0,1,0,1,0,0,0,0,0,0
smoothgrad,avg-grad,max,ood/xai-track1-rain-10,0.99,1,1,0,0,2,100,0,100,100,100,100
smoothgrad,avg-grad,max,ood/xai-track1-rain-10,0.99,1,0,1,0,3,0,0,0,0,0,0
smoothgrad,avg-grad,max,ood/xai-track1-rain-20,0.99,3,2,1,0,1,99,0,100,67,80,69
smoothgrad,avg-grad,max,ood/xai-track1-rain-20,0.99,3,0,3,0,2,0,0,0,0,0,0
smoothgrad,avg-grad,max,ood/xai-track1-rain-20,0.99,3,0,3,0,3,0,0,0,0,0,0
smoothgrad,avg-grad,max,ood/xai-track1-rain-30,0.99,2,2,0,0,1,100,0,100,100,100,100
smoothgrad,avg-grad,max,ood/xai-track1-rain-30,0.99,2,2,0,0,2,100,0,100,100,100,100
smoothgrad,avg-grad,max,ood/xai-track1-rain-30,0.99,2,0,2,0,3,0,0,0,0,0,0
smoothgrad,avg-grad,max,ood/xai-track1-rain-40,0.99,3,0,3,0,1,0,0,0,0,0,0
smoothgrad,avg-grad,max,ood/xai-track1-rain-40,0.99,2,0,2,1,2,0,0,0,0,0,0
smoothgrad,avg-grad,max,ood/xai-track1-rain-40,0.99,2,2,0,1,3,100,0,100,100,100,100
smoothgrad,avg-grad,max,ood/xai-track1-rain-50,0.99,2,2,0,0,1,100,0,100,100,100,100
smoothgrad,avg-grad,max,ood/xai-track1-rain-50,0.99,2,2,0,0,2,100,0,100,100,100,100
smoothgrad,avg-grad,max,ood/xai-track1-rain-50,0.99,2,1,1,0,3,99,0,100,50,67,53
smoothgrad,avg-grad,max,ood/xai-track1-rain-60,0.99,2,2,0,0,1,100,0,100,100,100,100
smoothgrad,avg-grad,max,ood/xai-track1-rain-60,0.99,2,0,2,0,2,0,0,0,0,0,0
smoothgrad,avg-grad,max,ood/xai-track1-rain-60,0.99,2,1,1,0,3,99,0,100,50,67,53
smoothgrad,avg-grad,max,ood/xai-track1-rain-70,0.99,2,2,0,0,1,100,0,100,100,100,100
smoothgrad,avg-grad,max,ood/xai-track1-rain-70,0.99,2,0,2,0,2,0,0,0,0,0,0
smoothgrad,avg-grad,max,ood/xai-track1-rain-70,0.99,2,0,2,0,3,0,0,0,0,0,0
smoothgrad,avg-grad,max,ood/xai-track1-rain-80,0.99,3,0,3,0,1,0,0,0,0,0,0
smoothgrad,avg-grad,max,ood/xai-track1-rain-80,0.99,3,1,2,0,2,98,0,100,33,50,36
smoothgrad,avg-grad,max,ood/xai-track1-rain-80,0.99,3,0,3,0,3,0,0,0,0,0,0
smoothgrad,avg-grad,max,ood/xai-track1-rain-90,0.99,2,1,1,1,1,99,0,100,50,67,53
smoothgrad,avg-grad,max,ood/xai-track1-rain-90,0.99,2,0,2,1,2,0,0,0,0,0,0
smoothgrad,avg-grad,max,ood/xai-track1-rain-90,0.99,2,0,2,1,3,0,0,0,0,0,0
smoothgrad,avg-grad,max,ood/xai-track1-rain-100,0.99,2,1,1,0,1,99,0,100,50,67,53
smoothgrad,avg-grad,max,ood/xai-track1-rain-100,0.99,2,2,0,0,2,100,0,100,100,100,100
smoothgrad,avg-grad,max,ood/xai-track1-rain-100,0.99,2,1,1,0,3,99,0,100,50,67,53
smoothgrad,avg-grad,max,ood/xai-track1-snow-10,0.99,3,1,2,0,1,98,0,100,33,50,36
smoothgrad,avg-grad,max,ood/xai-track1-snow-10,0.99,2,2,0,1,2,100,0,100,100,100,100
smoothgrad,avg-grad,max,ood/xai-track1-snow-10,0.99,2,0,2,1,3,0,0,0,0,0,0
smoothgrad,avg-grad,max,ood/xai-track1-snow-20,0.99,2,2,0,1,1,100,0,100,100,100,100
smoothgrad,avg-grad,max,ood/xai-track1-snow-20,0.99,2,0,2,1,2,0,0,0,0,0,0
smoothgrad,avg-grad,max,ood/xai-track1-snow-20,0.99,2,1,1,1,3,99,0,100,50,67,53
smoothgrad,avg-grad,max,ood/xai-track1-snow-30,0.99,2,2,0,0,1,100,0,100,100,100,100
smoothgrad,avg-grad,max,ood/xai-track1-snow-30,0.99,2,1,1,0,2,99,0,100,50,67,53
smoothgrad,avg-grad,max,ood/xai-track1-snow-30,0.99,2,0,2,0,3,0,0,0,0,0,0
smoothgrad,avg-grad,max,ood/xai-track1-snow-40,0.99,2,0,2,0,1,0,0,0,0,0,0
smoothgrad,avg-grad,max,ood/xai-track1-snow-40,0.99,2,0,2,0,2,0,0,0,0,0,0
smoothgrad,avg-grad,max,ood/xai-track1-snow-40,0.99,2,1,1,0,3,99,0,100,50,67,53
smoothgrad,avg-grad,max,ood/xai-track1-snow-50,0.99,3,2,1,0,1,99,0,100,67,80,69
smoothgrad,avg-grad,max,ood/xai-track1-snow-50,0.99,3,2,1,0,2,99,0,100,67,80,69
smoothgrad,avg-grad,max,ood/xai-track1-snow-50,0.99,2,1,1,1,3,99,0,100,50,67,53
smoothgrad,avg-grad,max,ood/xai-track1-snow-60,0.99,2,1,1,0,1,99,0,100,50,67,53
smoothgrad,avg-grad,max,ood/xai-track1-snow-60,0.99,2,1,1,0,2,99,0,100,50,67,53
smoothgrad,avg-grad,max,ood/xai-track1-snow-60,0.99,2,2,0,0,3,100,0,100,100,100,100
smoothgrad,avg-grad,max,ood/xai-track1-snow-70,0.99,2,2,0,0,1,100,0,100,100,100,100
smoothgrad,avg-grad,max,ood/xai-track1-snow-70,0.99,2,0,2,0,2,0,0,0,0,0,0
smoothgrad,avg-grad,max,ood/xai-track1-snow-70,0.99,2,1,1,0,3,99,0,100,50,67,53
smoothgrad,avg-grad,max,ood/xai-track1-snow-80,0.99,2,2,0,1,1,100,0,100,100,100,100
smoothgrad,avg-grad,max,ood/xai-track1-snow-80,0.99,2,1,1,1,2,99,0,100,50,67,53
smoothgrad,avg-grad,max,ood/xai-track1-snow-80,0.99,3,1,2,0,3,98,0,100,33,50,36
smoothgrad,avg-grad,max,ood/xai-track1-snow-90,0.99,2,2,0,0,1,100,0,100,100,100,100
smoothgrad,avg-grad,max,ood/xai-track1-snow-90,0.99,2,0,2,0,2,0,0,0,0,0,0
smoothgrad,avg-grad,max,ood/xai-track1-snow-90,0.99,2,0,2,0,3,0,0,0,0,0,0
smoothgrad,avg-grad,max,ood/xai-track1-snow-100,0.99,2,2,0,0,1,100,0,100,100,100,100
smoothgrad,avg-grad,max,ood/xai-track1-snow-100,0.99,2,1,1,0,2,99,0,100,50,67,53
smoothgrad,avg-grad,max,ood/xai-track1-snow-100,0.99,2,1,1,0,3,99,0,100,50,67,53
smoothgrad,avg-grad,max,ood/xai-track1-fog-10,0.999,2,0,2,1,1,0,0,0,0,0,0
smoothgrad,avg-grad,max,ood/xai-track1-fog-10,0.999,2,0,2,1,2,0,0,0,0,0,0
smoothgrad,avg-grad,max,ood/xai-track1-fog-10,0.999,3,1,2,0,3,98,0,100,33,50,36
smoothgrad,avg-grad,max,ood/xai-track1-fog-20,0.999,4,0,4,1,1,0,0,0,0,0,0
smoothgrad,avg-grad,max,ood/xai-track1-fog-20,0.999,4,3,1,1,2,99,0,100,75,86,77
smoothgrad,avg-grad,max,ood/xai-track1-fog-20,0.999,5,4,1,0,3,99,0,100,80,89,82
smoothgrad,avg-grad,max,ood/xai-track1-fog-30,0.999,4,2,2,0,1,98,0,100,50,67,53
smoothgrad,avg-grad,max,ood/xai-track1-fog-30,0.999,3,0,3,1,2,0,0,0,0,0,0
smoothgrad,avg-grad,max,ood/xai-track1-fog-30,0.999,3,2,1,1,3,99,0,100,67,80,69
smoothgrad,avg-grad,max,ood/xai-track1-fog-40,0.999,3,0,3,0,1,0,0,0,0,0,0
smoothgrad,avg-grad,max,ood/xai-track1-fog-40,0.999,3,0,3,0,2,0,0,0,0,0,0
smoothgrad,avg-grad,max,ood/xai-track1-fog-40,0.999,3,3,0,0,3,100,0,100,100,100,100
smoothgrad,avg-grad,max,ood/xai-track1-fog-50,0.999,3,0,3,1,1,0,0,0,0,0,0
smoothgrad,avg-grad,max,ood/xai-track1-fog-50,0.999,3,1,2,1,2,98,0,100,33,50,36
smoothgrad,avg-grad,max,ood/xai-track1-fog-50,0.999,3,0,3,1,3,0,0,0,0,0,0
smoothgrad,avg-grad,max,ood/xai-track1-fog-60,0.999,1,0,1,0,1,0,0,0,0,0,0
smoothgrad,avg-grad,max,ood/xai-track1-fog-60,0.999,1,0,1,0,2,0,0,0,0,0,0
smoothgrad,avg-grad,max,ood/xai-track1-fog-60,0.999,1,0,1,0,3,0,0,0,0,0,0
smoothgrad,avg-grad,max,ood/xai-track1-fog-70,0.999,2,0,2,0,1,0,0,0,0,0,0
smoothgrad,avg-grad,max,ood/xai-track1-fog-70,0.999,2,0,2,0,2,0,0,0,0,0,0
smoothgrad,avg-grad,max,ood/xai-track1-fog-70,0.999,2,0,2,0,3,0,0,0,0,0,0
smoothgrad,avg-grad,max,ood/xai-track1-fog-80,0.999,1,1,0,0,1,100,0,100,100,100,100
smoothgrad,avg-grad,max,ood/xai-track1-fog-80,0.999,1,0,1,0,2,0,0,0,0,0,0
smoothgrad,avg-grad,max,ood/xai-track1-fog-80,0.999,1,0,1,0,3,0,0,0,0,0,0
smoothgrad,avg-grad,max,ood/xai-track1-fog-90,0.999,1,0,1,0,1,0,0,0,0,0,0
smoothgrad,avg-grad,max,ood/xai-track1-fog-90,0.999,1,0,1,0,2,0,0,0,0,0,0
smoothgrad,avg-grad,max,ood/xai-track1-fog-90,0.999,1,0,1,0,3,0,0,0,0,0,0
smoothgrad,avg-grad,max,ood/xai-track1-fog-100,0.999,4,1,3,0,1,97,0,100,25,40,27
smoothgrad,avg-grad,max,ood/xai-track1-fog-100,0.999,4,2,2,0,2,98,0,100,50,67,53
smoothgrad,avg-grad,max,ood/xai-track1-fog-100,0.999,4,2,2,0,3,98,0,100,50,67,53
smoothgrad,avg-grad,max,ood/xai-track1-rain-10,0.999,1,0,1,0,1,0,0,0,0,0,0
smoothgrad,avg-grad,max,ood/xai-track1-rain-10,0.999,1,0,1,0,2,0,0,0,0,0,0
smoothgrad,avg-grad,max,ood/xai-track1-rain-10,0.999,1,0,1,0,3,0,0,0,0,0,0
smoothgrad,avg-grad,max,ood/xai-track1-rain-20,0.999,3,2,1,0,1,99,0,100,67,80,69
smoothgrad,avg-grad,max,ood/xai-track1-rain-20,0.999,3,0,3,0,2,0,0,0,0,0,0
smoothgrad,avg-grad,max,ood/xai-track1-rain-20,0.999,3,0,3,0,3,0,0,0,0,0,0
smoothgrad,avg-grad,max,ood/xai-track1-rain-30,0.999,2,2,0,0,1,100,0,100,100,100,100
smoothgrad,avg-grad,max,ood/xai-track1-rain-30,0.999,2,0,2,0,2,0,0,0,0,0,0
smoothgrad,avg-grad,max,ood/xai-track1-rain-30,0.999,2,0,2,0,3,0,0,0,0,0,0
smoothgrad,avg-grad,max,ood/xai-track1-rain-40,0.999,3,0,3,0,1,0,0,0,0,0,0
smoothgrad,avg-grad,max,ood/xai-track1-rain-40,0.999,2,0,2,1,2,0,0,0,0,0,0
smoothgrad,avg-grad,max,ood/xai-track1-rain-40,0.999,2,0,2,1,3,0,0,0,0,0,0
smoothgrad,avg-grad,max,ood/xai-track1-rain-50,0.999,2,2,0,0,1,100,0,100,100,100,100
smoothgrad,avg-grad,max,ood/xai-track1-rain-50,0.999,2,1,1,0,2,99,0,100,50,67,53
smoothgrad,avg-grad,max,ood/xai-track1-rain-50,0.999,2,1,1,0,3,99,0,100,50,67,53
smoothgrad,avg-grad,max,ood/xai-track1-rain-60,0.999,2,2,0,0,1,100,0,100,100,100,100
smoothgrad,avg-grad,max,ood/xai-track1-rain-60,0.999,2,0,2,0,2,0,0,0,0,0,0
smoothgrad,avg-grad,max,ood/xai-track1-rain-60,0.999,2,1,1,0,3,99,0,100,50,67,53
smoothgrad,avg-grad,max,ood/xai-track1-rain-70,0.999,2,2,0,0,1,100,0,100,100,100,100
smoothgrad,avg-grad,max,ood/xai-track1-rain-70,0.999,2,0,2,0,2,0,0,0,0,0,0
smoothgrad,avg-grad,max,ood/xai-track1-rain-70,0.999,2,0,2,0,3,0,0,0,0,0,0
smoothgrad,avg-grad,max,ood/xai-track1-rain-80,0.999,3,0,3,0,1,0,0,0,0,0,0
smoothgrad,avg-grad,max,ood/xai-track1-rain-80,0.999,3,0,3,0,2,0,0,0,0,0,0
smoothgrad,avg-grad,max,ood/xai-track1-rain-80,0.999,3,0,3,0,3,0,0,0,0,0,0
smoothgrad,avg-grad,max,ood/xai-track1-rain-90,0.999,2,0,2,1,1,0,0,0,0,0,0
smoothgrad,avg-grad,max,ood/xai-track1-rain-90,0.999,2,0,2,1,2,0,0,0,0,0,0
smoothgrad,avg-grad,max,ood/xai-track1-rain-90,0.999,2,0,2,1,3,0,0,0,0,0,0
smoothgrad,avg-grad,max,ood/xai-track1-rain-100,0.999,2,0,2,0,1,0,0,0,0,0,0
smoothgrad,avg-grad,max,ood/xai-track1-rain-100,0.999,2,0,2,0,2,0,0,0,0,0,0
smoothgrad,avg-grad,max,ood/xai-track1-rain-100,0.999,2,1,1,0,3,99,0,100,50,67,53
smoothgrad,avg-grad,max,ood/xai-track1-snow-10,0.999,3,1,2,0,1,98,0,100,33,50,36
smoothgrad,avg-grad,max,ood/xai-track1-snow-10,0.999,2,1,1,1,2,99,0,100,50,67,53
smoothgrad,avg-grad,max,ood/xai-track1-snow-10,0.999,2,0,2,1,3,0,0,0,0,0,0
smoothgrad,avg-grad,max,ood/xai-track1-snow-20,0.999,2,2,0,1,1,100,0,100,100,100,100
smoothgrad,avg-grad,max,ood/xai-track1-snow-20,0.999,2,0,2,1,2,0,0,0,0,0,0
smoothgrad,avg-grad,max,ood/xai-track1-snow-20,0.999,2,0,2,1,3,0,0,0,0,0,0
smoothgrad,avg-grad,max,ood/xai-track1-snow-30,0.999,2,0,2,0,1,0,0,0,0,0,0
smoothgrad,avg-grad,max,ood/xai-track1-snow-30,0.999,2,0,2,0,2,0,0,0,0,0,0
smoothgrad,avg-grad,max,ood/xai-track1-snow-30,0.999,2,0,2,0,3,0,0,0,0,0,0
smoothgrad,avg-grad,max,ood/xai-track1-snow-40,0.999,2,0,2,0,1,0,0,0,0,0,0
smoothgrad,avg-grad,max,ood/xai-track1-snow-40,0.999,2,0,2,0,2,0,0,0,0,0,0
smoothgrad,avg-grad,max,ood/xai-track1-snow-40,0.999,2,1,1,0,3,99,0,100,50,67,53
smoothgrad,avg-grad,max,ood/xai-track1-snow-50,0.999,3,2,1,0,1,99,0,100,67,80,69
smoothgrad,avg-grad,max,ood/xai-track1-snow-50,0.999,3,2,1,0,2,99,0,100,67,80,69
smoothgrad,avg-grad,max,ood/xai-track1-snow-50,0.999,2,1,1,1,3,99,0,100,50,67,53
smoothgrad,avg-grad,max,ood/xai-track1-snow-60,0.999,2,0,2,0,1,0,0,0,0,0,0
smoothgrad,avg-grad,max,ood/xai-track1-snow-60,0.999,2,0,2,0,2,0,0,0,0,0,0
smoothgrad,avg-grad,max,ood/xai-track1-snow-60,0.999,2,0,2,0,3,0,0,0,0,0,0
smoothgrad,avg-grad,max,ood/xai-track1-snow-70,0.999,2,0,2,0,1,0,0,0,0,0,0
smoothgrad,avg-grad,max,ood/xai-track1-snow-70,0.999,2,0,2,0,2,0,0,0,0,0,0
smoothgrad,avg-grad,max,ood/xai-track1-snow-70,0.999,2,1,1,0,3,99,0,100,50,67,53
smoothgrad,avg-grad,max,ood/xai-track1-snow-80,0.999,2,2,0,1,1,100,0,100,100,100,100
smoothgrad,avg-grad,max,ood/xai-track1-snow-80,0.999,2,1,1,1,2,99,0,100,50,67,53
smoothgrad,avg-grad,max,ood/xai-track1-snow-80,0.999,3,0,3,0,3,0,0,0,0,0,0
smoothgrad,avg-grad,max,ood/xai-track1-snow-90,0.999,2,2,0,0,1,100,0,100,100,100,100
smoothgrad,avg-grad,max,ood/xai-track1-snow-90,0.999,2,0,2,0,2,0,0,0,0,0,0
smoothgrad,avg-grad,max,ood/xai-track1-snow-90,0.999,2,0,2,0,3,0,0,0,0,0,0
smoothgrad,avg-grad,max,ood/xai-track1-snow-100,0.999,2,2,0,0,1,100,0,100,100,100,100
smoothgrad,avg-grad,max,ood/xai-track1-snow-100,0.999,2,1,1,0,2,99,0,100,50,67,53
smoothgrad,avg-grad,max,ood/xai-track1-snow-100,0.999,2,1,1,0,3,99,0,100,50,67,53
smoothgrad,avg-grad,max,ood/xai-track1-fog-10,0.9999,2,0,2,1,1,0,0,0,0,0,0
smoothgrad,avg-grad,max,ood/xai-track1-fog-10,0.9999,2,0,2,1,2,0,0,0,0,0,0
smoothgrad,avg-grad,max,ood/xai-track1-fog-10,0.9999,3,0,3,0,3,0,0,0,0,0,0
smoothgrad,avg-grad,max,ood/xai-track1-fog-20,0.9999,4,0,4,1,1,0,0,0,0,0,0
smoothgrad,avg-grad,max,ood/xai-track1-fog-20,0.9999,4,3,1,1,2,99,0,100,75,86,77
smoothgrad,avg-grad,max,ood/xai-track1-fog-20,0.9999,5,4,1,0,3,99,0,100,80,89,82
smoothgrad,avg-grad,max,ood/xai-track1-fog-30,0.9999,4,0,4,0,1,0,0,0,0,0,0
smoothgrad,avg-grad,max,ood/xai-track1-fog-30,0.9999,3,0,3,1,2,0,0,0,0,0,0
smoothgrad,avg-grad,max,ood/xai-track1-fog-30,0.9999,3,0,3,1,3,0,0,0,0,0,0
smoothgrad,avg-grad,max,ood/xai-track1-fog-40,0.9999,3,0,3,0,1,0,0,0,0,0,0
smoothgrad,avg-grad,max,ood/xai-track1-fog-40,0.9999,3,0,3,0,2,0,0,0,0,0,0
smoothgrad,avg-grad,max,ood/xai-track1-fog-40,0.9999,3,0,3,0,3,0,0,0,0,0,0
smoothgrad,avg-grad,max,ood/xai-track1-fog-50,0.9999,3,0,3,1,1,0,0,0,0,0,0
smoothgrad,avg-grad,max,ood/xai-track1-fog-50,0.9999,3,0,3,1,2,0,0,0,0,0,0
smoothgrad,avg-grad,max,ood/xai-track1-fog-50,0.9999,3,0,3,1,3,0,0,0,0,0,0
smoothgrad,avg-grad,max,ood/xai-track1-fog-60,0.9999,1,0,1,0,1,0,0,0,0,0,0
smoothgrad,avg-grad,max,ood/xai-track1-fog-60,0.9999,1,0,1,0,2,0,0,0,0,0,0
smoothgrad,avg-grad,max,ood/xai-track1-fog-60,0.9999,1,0,1,0,3,0,0,0,0,0,0
smoothgrad,avg-grad,max,ood/xai-track1-fog-70,0.9999,2,0,2,0,1,0,0,0,0,0,0
smoothgrad,avg-grad,max,ood/xai-track1-fog-70,0.9999,2,0,2,0,2,0,0,0,0,0,0
smoothgrad,avg-grad,max,ood/xai-track1-fog-70,0.9999,2,0,2,0,3,0,0,0,0,0,0
smoothgrad,avg-grad,max,ood/xai-track1-fog-80,0.9999,1,0,1,0,1,0,0,0,0,0,0
smoothgrad,avg-grad,max,ood/xai-track1-fog-80,0.9999,1,0,1,0,2,0,0,0,0,0,0
smoothgrad,avg-grad,max,ood/xai-track1-fog-80,0.9999,1,0,1,0,3,0,0,0,0,0,0
smoothgrad,avg-grad,max,ood/xai-track1-fog-90,0.9999,1,0,1,0,1,0,0,0,0,0,0
smoothgrad,avg-grad,max,ood/xai-track1-fog-90,0.9999,1,0,1,0,2,0,0,0,0,0,0
smoothgrad,avg-grad,max,ood/xai-track1-fog-90,0.9999,1,0,1,0,3,0,0,0,0,0,0
smoothgrad,avg-grad,max,ood/xai-track1-fog-100,0.9999,4,1,3,0,1,97,0,100,25,40,27
smoothgrad,avg-grad,max,ood/xai-track1-fog-100,0.9999,4,0,4,0,2,0,0,0,0,0,0
smoothgrad,avg-grad,max,ood/xai-track1-fog-100,0.9999,4,0,4,0,3,0,0,0,0,0,0
smoothgrad,avg-grad,max,ood/xai-track1-rain-10,0.9999,1,0,1,0,1,0,0,0,0,0,0
smoothgrad,avg-grad,max,ood/xai-track1-rain-10,0.9999,1,0,1,0,2,0,0,0,0,0,0
smoothgrad,avg-grad,max,ood/xai-track1-rain-10,0.9999,1,0,1,0,3,0,0,0,0,0,0
smoothgrad,avg-grad,max,ood/xai-track1-rain-20,0.9999,3,0,3,0,1,0,0,0,0,0,0
smoothgrad,avg-grad,max,ood/xai-track1-rain-20,0.9999,3,0,3,0,2,0,0,0,0,0,0
smoothgrad,avg-grad,max,ood/xai-track1-rain-20,0.9999,3,0,3,0,3,0,0,0,0,0,0
smoothgrad,avg-grad,max,ood/xai-track1-rain-30,0.9999,2,2,0,0,1,100,0,100,100,100,100
smoothgrad,avg-grad,max,ood/xai-track1-rain-30,0.9999,2,0,2,0,2,0,0,0,0,0,0
smoothgrad,avg-grad,max,ood/xai-track1-rain-30,0.9999,2,0,2,0,3,0,0,0,0,0,0
smoothgrad,avg-grad,max,ood/xai-track1-rain-40,0.9999,3,0,3,0,1,0,0,0,0,0,0
smoothgrad,avg-grad,max,ood/xai-track1-rain-40,0.9999,2,0,2,1,2,0,0,0,0,0,0
smoothgrad,avg-grad,max,ood/xai-track1-rain-40,0.9999,2,0,2,1,3,0,0,0,0,0,0
smoothgrad,avg-grad,max,ood/xai-track1-rain-50,0.9999,2,2,0,0,1,100,0,100,100,100,100
smoothgrad,avg-grad,max,ood/xai-track1-rain-50,0.9999,2,0,2,0,2,0,0,0,0,0,0
smoothgrad,avg-grad,max,ood/xai-track1-rain-50,0.9999,2,0,2,0,3,0,0,0,0,0,0
smoothgrad,avg-grad,max,ood/xai-track1-rain-60,0.9999,2,2,0,0,1,100,0,100,100,100,100
smoothgrad,avg-grad,max,ood/xai-track1-rain-60,0.9999,2,0,2,0,2,0,0,0,0,0,0
smoothgrad,avg-grad,max,ood/xai-track1-rain-60,0.9999,2,0,2,0,3,0,0,0,0,0,0
smoothgrad,avg-grad,max,ood/xai-track1-rain-70,0.9999,2,0,2,0,1,0,0,0,0,0,0
smoothgrad,avg-grad,max,ood/xai-track1-rain-70,0.9999,2,0,2,0,2,0,0,0,0,0,0
smoothgrad,avg-grad,max,ood/xai-track1-rain-70,0.9999,2,0,2,0,3,0,0,0,0,0,0
smoothgrad,avg-grad,max,ood/xai-track1-rain-80,0.9999,3,0,3,0,1,0,0,0,0,0,0
smoothgrad,avg-grad,max,ood/xai-track1-rain-80,0.9999,3,0,3,0,2,0,0,0,0,0,0
smoothgrad,avg-grad,max,ood/xai-track1-rain-80,0.9999,3,0,3,0,3,0,0,0,0,0,0
smoothgrad,avg-grad,max,ood/xai-track1-rain-90,0.9999,2,0,2,1,1,0,0,0,0,0,0
smoothgrad,avg-grad,max,ood/xai-track1-rain-90,0.9999,2,0,2,1,2,0,0,0,0,0,0
smoothgrad,avg-grad,max,ood/xai-track1-rain-90,0.9999,2,0,2,1,3,0,0,0,0,0,0
smoothgrad,avg-grad,max,ood/xai-track1-rain-100,0.9999,2,0,2,0,1,0,0,0,0,0,0
smoothgrad,avg-grad,max,ood/xai-track1-rain-100,0.9999,2,0,2,0,2,0,0,0,0,0,0
smoothgrad,avg-grad,max,ood/xai-track1-rain-100,0.9999,2,1,1,0,3,99,0,100,50,67,53
smoothgrad,avg-grad,max,ood/xai-track1-snow-10,0.9999,3,1,2,0,1,98,0,100,33,50,36
smoothgrad,avg-grad,max,ood/xai-track1-snow-10,0.9999,2,0,2,1,2,0,0,0,0,0,0
smoothgrad,avg-grad,max,ood/xai-track1-snow-10,0.9999,2,0,2,1,3,0,0,0,0,0,0
smoothgrad,avg-grad,max,ood/xai-track1-snow-20,0.9999,2,0,2,1,1,0,0,0,0,0,0
smoothgrad,avg-grad,max,ood/xai-track1-snow-20,0.9999,2,0,2,1,2,0,0,0,0,0,0
smoothgrad,avg-grad,max,ood/xai-track1-snow-20,0.9999,2,0,2,1,3,0,0,0,0,0,0
smoothgrad,avg-grad,max,ood/xai-track1-snow-30,0.9999,2,0,2,0,1,0,0,0,0,0,0
smoothgrad,avg-grad,max,ood/xai-track1-snow-30,0.9999,2,0,2,0,2,0,0,0,0,0,0
smoothgrad,avg-grad,max,ood/xai-track1-snow-30,0.9999,2,0,2,0,3,0,0,0,0,0,0
smoothgrad,avg-grad,max,ood/xai-track1-snow-40,0.9999,2,0,2,0,1,0,0,0,0,0,0
smoothgrad,avg-grad,max,ood/xai-track1-snow-40,0.9999,2,0,2,0,2,0,0,0,0,0,0
smoothgrad,avg-grad,max,ood/xai-track1-snow-40,0.9999,2,0,2,0,3,0,0,0,0,0,0
smoothgrad,avg-grad,max,ood/xai-track1-snow-50,0.9999,3,0,3,0,1,0,0,0,0,0,0
smoothgrad,avg-grad,max,ood/xai-track1-snow-50,0.9999,3,0,3,0,2,0,0,0,0,0,0
smoothgrad,avg-grad,max,ood/xai-track1-snow-50,0.9999,2,1,1,1,3,99,0,100,50,67,53
smoothgrad,avg-grad,max,ood/xai-track1-snow-60,0.9999,2,0,2,0,1,0,0,0,0,0,0
smoothgrad,avg-grad,max,ood/xai-track1-snow-60,0.9999,2,0,2,0,2,0,0,0,0,0,0
smoothgrad,avg-grad,max,ood/xai-track1-snow-60,0.9999,2,0,2,0,3,0,0,0,0,0,0
smoothgrad,avg-grad,max,ood/xai-track1-snow-70,0.9999,2,0,2,0,1,0,0,0,0,0,0
smoothgrad,avg-grad,max,ood/xai-track1-snow-70,0.9999,2,0,2,0,2,0,0,0,0,0,0
smoothgrad,avg-grad,max,ood/xai-track1-snow-70,0.9999,2,0,2,0,3,0,0,0,0,0,0
smoothgrad,avg-grad,max,ood/xai-track1-snow-80,0.9999,2,2,0,1,1,100,0,100,100,100,100
smoothgrad,avg-grad,max,ood/xai-track1-snow-80,0.9999,2,1,1,1,2,99,0,100,50,67,53
smoothgrad,avg-grad,max,ood/xai-track1-snow-80,0.9999,3,0,3,0,3,0,0,0,0,0,0
smoothgrad,avg-grad,max,ood/xai-track1-snow-90,0.9999,2,0,2,0,1,0,0,0,0,0,0
smoothgrad,avg-grad,max,ood/xai-track1-snow-90,0.9999,2,0,2,0,2,0,0,0,0,0,0
smoothgrad,avg-grad,max,ood/xai-track1-snow-90,0.9999,2,0,2,0,3,0,0,0,0,0,0
smoothgrad,avg-grad,max,ood/xai-track1-snow-100,0.9999,2,2,0,0,1,100,0,100,100,100,100
smoothgrad,avg-grad,max,ood/xai-track1-snow-100,0.9999,2,1,1,0,2,99,0,100,50,67,53
smoothgrad,avg-grad,max,ood/xai-track1-snow-100,0.9999,2,1,1,0,3,99,0,100,50,67,53
smoothgrad,avg-grad,max,ood/xai-track1-fog-10,0.99999,2,0,2,1,1,0,0,0,0,0,0
smoothgrad,avg-grad,max,ood/xai-track1-fog-10,0.99999,2,0,2,1,2,0,0,0,0,0,0
smoothgrad,avg-grad,max,ood/xai-track1-fog-10,0.99999,3,0,3,0,3,0,0,0,0,0,0
smoothgrad,avg-grad,max,ood/xai-track1-fog-20,0.99999,4,0,4,1,1,0,0,0,0,0,0
smoothgrad,avg-grad,max,ood/xai-track1-fog-20,0.99999,4,3,1,1,2,99,0,100,75,86,77
smoothgrad,avg-grad,max,ood/xai-track1-fog-20,0.99999,5,4,1,0,3,99,0,100,80,89,82
smoothgrad,avg-grad,max,ood/xai-track1-fog-30,0.99999,4,0,4,0,1,0,0,0,0,0,0
smoothgrad,avg-grad,max,ood/xai-track1-fog-30,0.99999,3,0,3,1,2,0,0,0,0,0,0
smoothgrad,avg-grad,max,ood/xai-track1-fog-30,0.99999,3,0,3,1,3,0,0,0,0,0,0
smoothgrad,avg-grad,max,ood/xai-track1-fog-40,0.99999,3,0,3,0,1,0,0,0,0,0,0
smoothgrad,avg-grad,max,ood/xai-track1-fog-40,0.99999,3,0,3,0,2,0,0,0,0,0,0
smoothgrad,avg-grad,max,ood/xai-track1-fog-40,0.99999,3,0,3,0,3,0,0,0,0,0,0
smoothgrad,avg-grad,max,ood/xai-track1-fog-50,0.99999,3,0,3,1,1,0,0,0,0,0,0
smoothgrad,avg-grad,max,ood/xai-track1-fog-50,0.99999,3,0,3,1,2,0,0,0,0,0,0
smoothgrad,avg-grad,max,ood/xai-track1-fog-50,0.99999,3,0,3,1,3,0,0,0,0,0,0
smoothgrad,avg-grad,max,ood/xai-track1-fog-60,0.99999,1,0,1,0,1,0,0,0,0,0,0
smoothgrad,avg-grad,max,ood/xai-track1-fog-60,0.99999,1,0,1,0,2,0,0,0,0,0,0
smoothgrad,avg-grad,max,ood/xai-track1-fog-60,0.99999,1,0,1,0,3,0,0,0,0,0,0
smoothgrad,avg-grad,max,ood/xai-track1-fog-70,0.99999,2,0,2,0,1,0,0,0,0,0,0
smoothgrad,avg-grad,max,ood/xai-track1-fog-70,0.99999,2,0,2,0,2,0,0,0,0,0,0
smoothgrad,avg-grad,max,ood/xai-track1-fog-70,0.99999,2,0,2,0,3,0,0,0,0,0,0
smoothgrad,avg-grad,max,ood/xai-track1-fog-80,0.99999,1,0,1,0,1,0,0,0,0,0,0
smoothgrad,avg-grad,max,ood/xai-track1-fog-80,0.99999,1,0,1,0,2,0,0,0,0,0,0
smoothgrad,avg-grad,max,ood/xai-track1-fog-80,0.99999,1,0,1,0,3,0,0,0,0,0,0
smoothgrad,avg-grad,max,ood/xai-track1-fog-90,0.99999,1,0,1,0,1,0,0,0,0,0,0
smoothgrad,avg-grad,max,ood/xai-track1-fog-90,0.99999,1,0,1,0,2,0,0,0,0,0,0
smoothgrad,avg-grad,max,ood/xai-track1-fog-90,0.99999,1,0,1,0,3,0,0,0,0,0,0
smoothgrad,avg-grad,max,ood/xai-track1-fog-100,0.99999,4,0,4,0,1,0,0,0,0,0,0
smoothgrad,avg-grad,max,ood/xai-track1-fog-100,0.99999,4,0,4,0,2,0,0,0,0,0,0
smoothgrad,avg-grad,max,ood/xai-track1-fog-100,0.99999,4,0,4,0,3,0,0,0,0,0,0
smoothgrad,avg-grad,max,ood/xai-track1-rain-10,0.99999,1,0,1,0,1,0,0,0,0,0,0
smoothgrad,avg-grad,max,ood/xai-track1-rain-10,0.99999,1,0,1,0,2,0,0,0,0,0,0
smoothgrad,avg-grad,max,ood/xai-track1-rain-10,0.99999,1,0,1,0,3,0,0,0,0,0,0
smoothgrad,avg-grad,max,ood/xai-track1-rain-20,0.99999,3,0,3,0,1,0,0,0,0,0,0
smoothgrad,avg-grad,max,ood/xai-track1-rain-20,0.99999,3,0,3,0,2,0,0,0,0,0,0
smoothgrad,avg-grad,max,ood/xai-track1-rain-20,0.99999,3,0,3,0,3,0,0,0,0,0,0
smoothgrad,avg-grad,max,ood/xai-track1-rain-30,0.99999,2,2,0,0,1,100,0,100,100,100,100
smoothgrad,avg-grad,max,ood/xai-track1-rain-30,0.99999,2,0,2,0,2,0,0,0,0,0,0
smoothgrad,avg-grad,max,ood/xai-track1-rain-30,0.99999,2,0,2,0,3,0,0,0,0,0,0
smoothgrad,avg-grad,max,ood/xai-track1-rain-40,0.99999,3,0,3,0,1,0,0,0,0,0,0
smoothgrad,avg-grad,max,ood/xai-track1-rain-40,0.99999,2,0,2,1,2,0,0,0,0,0,0
smoothgrad,avg-grad,max,ood/xai-track1-rain-40,0.99999,2,0,2,1,3,0,0,0,0,0,0
smoothgrad,avg-grad,max,ood/xai-track1-rain-50,0.99999,2,0,2,0,1,0,0,0,0,0,0
smoothgrad,avg-grad,max,ood/xai-track1-rain-50,0.99999,2,0,2,0,2,0,0,0,0,0,0
smoothgrad,avg-grad,max,ood/xai-track1-rain-50,0.99999,2,0,2,0,3,0,0,0,0,0,0
smoothgrad,avg-grad,max,ood/xai-track1-rain-60,0.99999,2,2,0,0,1,100,0,100,100,100,100
smoothgrad,avg-grad,max,ood/xai-track1-rain-60,0.99999,2,0,2,0,2,0,0,0,0,0,0
smoothgrad,avg-grad,max,ood/xai-track1-rain-60,0.99999,2,0,2,0,3,0,0,0,0,0,0
smoothgrad,avg-grad,max,ood/xai-track1-rain-70,0.99999,2,0,2,0,1,0,0,0,0,0,0
smoothgrad,avg-grad,max,ood/xai-track1-rain-70,0.99999,2,0,2,0,2,0,0,0,0,0,0
smoothgrad,avg-grad,max,ood/xai-track1-rain-70,0.99999,2,0,2,0,3,0,0,0,0,0,0
smoothgrad,avg-grad,max,ood/xai-track1-rain-80,0.99999,3,0,3,0,1,0,0,0,0,0,0
smoothgrad,avg-grad,max,ood/xai-track1-rain-80,0.99999,3,0,3,0,2,0,0,0,0,0,0
smoothgrad,avg-grad,max,ood/xai-track1-rain-80,0.99999,3,0,3,0,3,0,0,0,0,0,0
smoothgrad,avg-grad,max,ood/xai-track1-rain-90,0.99999,2,0,2,1,1,0,0,0,0,0,0
smoothgrad,avg-grad,max,ood/xai-track1-rain-90,0.99999,2,0,2,1,2,0,0,0,0,0,0
smoothgrad,avg-grad,max,ood/xai-track1-rain-90,0.99999,2,0,2,1,3,0,0,0,0,0,0
smoothgrad,avg-grad,max,ood/xai-track1-rain-100,0.99999,2,0,2,0,1,0,0,0,0,0,0
smoothgrad,avg-grad,max,ood/xai-track1-rain-100,0.99999,2,0,2,0,2,0,0,0,0,0,0
smoothgrad,avg-grad,max,ood/xai-track1-rain-100,0.99999,2,1,1,0,3,99,0,100,50,67,53
smoothgrad,avg-grad,max,ood/xai-track1-snow-10,0.99999,3,1,2,0,1,98,0,100,33,50,36
smoothgrad,avg-grad,max,ood/xai-track1-snow-10,0.99999,2,0,2,1,2,0,0,0,0,0,0
smoothgrad,avg-grad,max,ood/xai-track1-snow-10,0.99999,2,0,2,1,3,0,0,0,0,0,0
smoothgrad,avg-grad,max,ood/xai-track1-snow-20,0.99999,2,0,2,1,1,0,0,0,0,0,0
smoothgrad,avg-grad,max,ood/xai-track1-snow-20,0.99999,2,0,2,1,2,0,0,0,0,0,0
smoothgrad,avg-grad,max,ood/xai-track1-snow-20,0.99999,2,0,2,1,3,0,0,0,0,0,0
smoothgrad,avg-grad,max,ood/xai-track1-snow-30,0.99999,2,0,2,0,1,0,0,0,0,0,0
smoothgrad,avg-grad,max,ood/xai-track1-snow-30,0.99999,2,0,2,0,2,0,0,0,0,0,0
smoothgrad,avg-grad,max,ood/xai-track1-snow-30,0.99999,2,0,2,0,3,0,0,0,0,0,0
smoothgrad,avg-grad,max,ood/xai-track1-snow-40,0.99999,2,0,2,0,1,0,0,0,0,0,0
smoothgrad,avg-grad,max,ood/xai-track1-snow-40,0.99999,2,0,2,0,2,0,0,0,0,0,0
smoothgrad,avg-grad,max,ood/xai-track1-snow-40,0.99999,2,0,2,0,3,0,0,0,0,0,0
smoothgrad,avg-grad,max,ood/xai-track1-snow-50,0.99999,3,0,3,0,1,0,0,0,0,0,0
smoothgrad,avg-grad,max,ood/xai-track1-snow-50,0.99999,3,0,3,0,2,0,0,0,0,0,0
smoothgrad,avg-grad,max,ood/xai-track1-snow-50,0.99999,2,1,1,1,3,99,0,100,50,67,53
smoothgrad,avg-grad,max,ood/xai-track1-snow-60,0.99999,2,0,2,0,1,0,0,0,0,0,0
smoothgrad,avg-grad,max,ood/xai-track1-snow-60,0.99999,2,0,2,0,2,0,0,0,0,0,0
smoothgrad,avg-grad,max,ood/xai-track1-snow-60,0.99999,2,0,2,0,3,0,0,0,0,0,0
smoothgrad,avg-grad,max,ood/xai-track1-snow-70,0.99999,2,0,2,0,1,0,0,0,0,0,0
smoothgrad,avg-grad,max,ood/xai-track1-snow-70,0.99999,2,0,2,0,2,0,0,0,0,0,0
smoothgrad,avg-grad,max,ood/xai-track1-snow-70,0.99999,2,0,2,0,3,0,0,0,0,0,0
smoothgrad,avg-grad,max,ood/xai-track1-snow-80,0.99999,2,0,2,1,1,0,0,0,0,0,0
smoothgrad,avg-grad,max,ood/xai-track1-snow-80,0.99999,2,1,1,1,2,99,0,100,50,67,53
smoothgrad,avg-grad,max,ood/xai-track1-snow-80,0.99999,3,0,3,0,3,0,0,0,0,0,0
smoothgrad,avg-grad,max,ood/xai-track1-snow-90,0.99999,2,0,2,0,1,0,0,0,0,0,0
smoothgrad,avg-grad,max,ood/xai-track1-snow-90,0.99999,2,0,2,0,2,0,0,0,0,0,0
smoothgrad,avg-grad,max,ood/xai-track1-snow-90,0.99999,2,0,2,0,3,0,0,0,0,0,0
smoothgrad,avg-grad,max,ood/xai-track1-snow-100,0.99999,2,0,2,0,1,0,0,0,0,0,0
smoothgrad,avg-grad,max,ood/xai-track1-snow-100,0.99999,2,1,1,0,2,99,0,100,50,67,53
smoothgrad,avg-grad,max,ood/xai-track1-snow-100,0.99999,2,1,1,0,3,99,0,100,50,67,53
