heatmap_type,summarization_method,aggregation_type,simulation_name,confidence_level,failures,detected,undetected,undetectable,ttm,accuracy,fpr,precision,recall,f1,f3
smoothgrad,avg-grad,max,mutants/udacity_add_weights_regularisation_mutated0_MP_l1_3_1,0.95,5,5,0,0,1,94,7,42,100,59,88
smoothgrad,avg-grad,max,mutants/udacity_add_weights_regularisation_mutated0_MP_l1_3_1,0.95,5,2,3,0,2,91,7,22,40,29,37
smoothgrad,avg-grad,max,mutants/udacity_add_weights_regularisation_mutated0_MP_l1_3_1,0.95,4,4,0,1,3,94,7,36,100,53,85
smoothgrad,avg-grad,max,mutants/udacity_add_weights_regularisation_mutated0_MP_l1_l2_3_2,0.95,19,19,0,3,1,94,7,73,100,84,96
smoothgrad,avg-grad,max,mutants/udacity_add_weights_regularisation_mutated0_MP_l1_l2_3_2,0.95,19,17,2,3,2,93,7,71,89,79,87
smoothgrad,avg-grad,max,mutants/udacity_add_weights_regularisation_mutated0_MP_l1_l2_3_2,0.95,19,15,4,3,3,91,7,68,79,73,78
smoothgrad,avg-grad,max,mutants/udacity_add_weights_regularisation_mutated0_MP_l2_3_0,0.95,16,16,0,3,1,94,7,70,100,82,96
smoothgrad,avg-grad,max,mutants/udacity_add_weights_regularisation_mutated0_MP_l2_3_0,0.95,16,16,0,3,2,94,7,70,100,82,96
smoothgrad,avg-grad,max,mutants/udacity_add_weights_regularisation_mutated0_MP_l2_3_0,0.95,16,16,0,3,3,94,7,70,100,82,96
smoothgrad,avg-grad,max,mutants/udacity_change_activation_function_mutated0_MP_exponential_4_0,0.95,12,12,0,3,1,94,7,63,100,77,94
smoothgrad,avg-grad,max,mutants/udacity_change_activation_function_mutated0_MP_exponential_4_0,0.95,12,12,0,3,2,94,7,63,100,77,94
smoothgrad,avg-grad,max,mutants/udacity_change_activation_function_mutated0_MP_exponential_4_0,0.95,12,10,2,3,3,92,7,59,83,69,80
smoothgrad,avg-grad,max,mutants/udacity_change_activation_function_mutated0_MP_hard_sigmoid_4_0,0.95,7,6,1,1,1,93,7,46,86,60,79
smoothgrad,avg-grad,max,mutants/udacity_change_activation_function_mutated0_MP_hard_sigmoid_4_0,0.95,7,3,4,1,2,90,7,30,43,35,41
smoothgrad,avg-grad,max,mutants/udacity_change_activation_function_mutated0_MP_hard_sigmoid_4_0,0.95,7,7,0,1,3,94,7,50,100,67,91
smoothgrad,avg-grad,max,mutants/udacity_change_activation_function_mutated0_MP_relu_4_2,0.95,16,16,0,2,1,94,7,70,100,82,96
smoothgrad,avg-grad,max,mutants/udacity_change_activation_function_mutated0_MP_relu_4_2,0.95,16,12,4,2,2,91,7,63,75,69,74
smoothgrad,avg-grad,max,mutants/udacity_change_activation_function_mutated0_MP_relu_4_2,0.95,14,7,7,4,3,88,7,50,50,50,50
smoothgrad,avg-grad,max,mutants/udacity_change_activation_function_mutated0_MP_selu_4_0,0.95,7,6,1,0,1,93,7,46,86,60,79
smoothgrad,avg-grad,max,mutants/udacity_change_activation_function_mutated0_MP_selu_4_0,0.95,7,6,1,0,2,93,7,46,86,60,79
smoothgrad,avg-grad,max,mutants/udacity_change_activation_function_mutated0_MP_selu_4_0,0.95,7,6,1,0,3,93,7,46,86,60,79
smoothgrad,avg-grad,max,mutants/udacity_change_activation_function_mutated0_MP_sigmoid_4_3,0.95,12,12,0,3,1,94,7,63,100,77,94
smoothgrad,avg-grad,max,mutants/udacity_change_activation_function_mutated0_MP_sigmoid_4_3,0.95,12,10,2,3,2,92,7,59,83,69,80
smoothgrad,avg-grad,max,mutants/udacity_change_activation_function_mutated0_MP_sigmoid_4_3,0.95,11,6,5,4,3,90,7,46,55,50,54
smoothgrad,avg-grad,max,mutants/udacity_change_activation_function_mutated0_MP_softmax_4_4,0.95,12,12,0,2,1,94,7,63,100,77,94
smoothgrad,avg-grad,max,mutants/udacity_change_activation_function_mutated0_MP_softmax_4_4,0.95,12,12,0,2,2,94,7,63,100,77,94
smoothgrad,avg-grad,max,mutants/udacity_change_activation_function_mutated0_MP_softmax_4_4,0.95,12,12,0,2,3,94,7,63,100,77,94
smoothgrad,avg-grad,max,mutants/udacity_change_activation_function_mutated0_MP_softsign_4_5,0.95,12,12,0,9,1,94,7,63,100,77,94
smoothgrad,avg-grad,max,mutants/udacity_change_activation_function_mutated0_MP_softsign_4_5,0.95,12,12,0,9,2,94,7,63,100,77,94
smoothgrad,avg-grad,max,mutants/udacity_change_activation_function_mutated0_MP_softsign_4_5,0.95,10,9,1,11,3,93,7,56,90,69,85
smoothgrad,avg-grad,max,mutants/udacity_change_activation_function_mutated0_MP_tanh_4_2,0.95,10,10,0,4,1,94,7,59,100,74,93
smoothgrad,avg-grad,max,mutants/udacity_change_activation_function_mutated0_MP_tanh_4_2,0.95,10,9,1,4,2,93,7,56,90,69,85
smoothgrad,avg-grad,max,mutants/udacity_change_activation_function_mutated0_MP_tanh_4_2,0.95,10,2,8,4,3,87,7,22,20,21,20
smoothgrad,avg-grad,max,mutants/udacity_change_dropout_rate_mutated0_MP_0.25_0.25_6_7,0.95,10,9,1,4,1,93,7,56,90,69,85
smoothgrad,avg-grad,max,mutants/udacity_change_dropout_rate_mutated0_MP_0.25_0.25_6_7,0.95,10,10,0,4,2,94,7,59,100,74,93
smoothgrad,avg-grad,max,mutants/udacity_change_dropout_rate_mutated0_MP_0.25_0.25_6_7,0.95,10,9,1,4,3,93,7,56,90,69,85
smoothgrad,avg-grad,max,mutants/udacity_change_dropout_rate_mutated0_MP_0.75_0.75_6_0,0.95,9,8,1,0,1,93,7,53,89,67,83
smoothgrad,avg-grad,max,mutants/udacity_change_dropout_rate_mutated0_MP_0.75_0.75_6_0,0.95,9,8,1,0,2,93,7,53,89,67,83
smoothgrad,avg-grad,max,mutants/udacity_change_dropout_rate_mutated0_MP_0.75_0.75_6_0,0.95,9,7,2,0,3,92,7,50,78,61,74
smoothgrad,avg-grad,max,mutants/udacity_change_dropout_rate_mutated0_MP_0.125_0.125_6_2,0.95,13,13,0,3,1,94,7,65,100,79,95
smoothgrad,avg-grad,max,mutants/udacity_change_dropout_rate_mutated0_MP_0.125_0.125_6_2,0.95,13,13,0,3,2,94,7,65,100,79,95
smoothgrad,avg-grad,max,mutants/udacity_change_dropout_rate_mutated0_MP_0.125_0.125_6_2,0.95,13,13,0,3,3,94,7,65,100,79,95
smoothgrad,avg-grad,max,mutants/udacity_change_dropout_rate_mutated0_MP_1.0_1.0_6_1,0.95,4,4,0,0,1,94,7,36,100,53,85
smoothgrad,avg-grad,max,mutants/udacity_change_dropout_rate_mutated0_MP_1.0_1.0_6_1,0.95,4,3,1,0,2,93,7,30,75,43,65
smoothgrad,avg-grad,max,mutants/udacity_change_dropout_rate_mutated0_MP_1.0_1.0_6_1,0.95,4,4,0,0,3,94,7,36,100,53,85
smoothgrad,avg-grad,max,mutants/udacity_change_label_mutated0_MP_12.5_4,0.95,9,9,0,3,1,94,7,56,100,72,93
smoothgrad,avg-grad,max,mutants/udacity_change_label_mutated0_MP_12.5_4,0.95,9,9,0,3,2,94,7,56,100,72,93
smoothgrad,avg-grad,max,mutants/udacity_change_label_mutated0_MP_12.5_4,0.95,9,9,0,3,3,94,7,56,100,72,93
smoothgrad,avg-grad,max,mutants/udacity_change_label_mutated0_MP_25.0_1,0.95,4,4,0,1,1,94,7,36,100,53,85
smoothgrad,avg-grad,max,mutants/udacity_change_label_mutated0_MP_25.0_1,0.95,4,3,1,1,2,93,7,30,75,43,65
smoothgrad,avg-grad,max,mutants/udacity_change_label_mutated0_MP_25.0_1,0.95,4,0,4,1,3,0,0,0,0,0,0
smoothgrad,avg-grad,max,mutants/udacity_change_loss_function_mutated0_MP_mean_absolute_error_2,0.95,10,10,0,2,1,94,7,59,100,74,93
smoothgrad,avg-grad,max,mutants/udacity_change_loss_function_mutated0_MP_mean_absolute_error_2,0.95,10,7,3,2,2,91,7,50,70,58,67
smoothgrad,avg-grad,max,mutants/udacity_change_loss_function_mutated0_MP_mean_absolute_error_2,0.95,10,9,1,2,3,93,7,56,90,69,85
smoothgrad,avg-grad,max,mutants/udacity_add_weights_regularisation_mutated0_MP_l1_3_1,0.99,5,5,0,0,1,100,0,100,100,100,100
smoothgrad,avg-grad,max,mutants/udacity_add_weights_regularisation_mutated0_MP_l1_3_1,0.99,5,2,3,0,2,97,0,100,40,57,43
smoothgrad,avg-grad,max,mutants/udacity_add_weights_regularisation_mutated0_MP_l1_3_1,0.99,4,4,0,1,3,100,0,100,100,100,100
smoothgrad,avg-grad,max,mutants/udacity_add_weights_regularisation_mutated0_MP_l1_l2_3_2,0.99,19,19,0,3,1,100,0,100,100,100,100
smoothgrad,avg-grad,max,mutants/udacity_add_weights_regularisation_mutated0_MP_l1_l2_3_2,0.99,19,17,2,3,2,98,0,100,89,94,90
smoothgrad,avg-grad,max,mutants/udacity_add_weights_regularisation_mutated0_MP_l1_l2_3_2,0.99,19,14,5,3,3,96,0,100,74,85,76
smoothgrad,avg-grad,max,mutants/udacity_add_weights_regularisation_mutated0_MP_l2_3_0,0.99,16,16,0,3,1,100,0,100,100,100,100
smoothgrad,avg-grad,max,mutants/udacity_add_weights_regularisation_mutated0_MP_l2_3_0,0.99,16,11,5,3,2,96,0,100,69,81,71
smoothgrad,avg-grad,max,mutants/udacity_add_weights_regularisation_mutated0_MP_l2_3_0,0.99,16,16,0,3,3,100,0,100,100,100,100
smoothgrad,avg-grad,max,mutants/udacity_change_activation_function_mutated0_MP_exponential_4_0,0.99,12,12,0,3,1,100,0,100,100,100,100
smoothgrad,avg-grad,max,mutants/udacity_change_activation_function_mutated0_MP_exponential_4_0,0.99,12,12,0,3,2,100,0,100,100,100,100
smoothgrad,avg-grad,max,mutants/udacity_change_activation_function_mutated0_MP_exponential_4_0,0.99,12,8,4,3,3,97,0,100,67,80,69
smoothgrad,avg-grad,max,mutants/udacity_change_activation_function_mutated0_MP_hard_sigmoid_4_0,0.99,7,6,1,1,1,99,0,100,86,92,87
smoothgrad,avg-grad,max,mutants/udacity_change_activation_function_mutated0_MP_hard_sigmoid_4_0,0.99,7,2,5,1,2,96,0,100,29,44,31
smoothgrad,avg-grad,max,mutants/udacity_change_activation_function_mutated0_MP_hard_sigmoid_4_0,0.99,7,3,4,1,3,96,0,100,43,60,45
smoothgrad,avg-grad,max,mutants/udacity_change_activation_function_mutated0_MP_relu_4_2,0.99,16,15,1,2,1,99,0,100,94,97,94
smoothgrad,avg-grad,max,mutants/udacity_change_activation_function_mutated0_MP_relu_4_2,0.99,16,11,5,2,2,96,0,100,69,81,71
smoothgrad,avg-grad,max,mutants/udacity_change_activation_function_mutated0_MP_relu_4_2,0.99,14,7,7,4,3,94,0,100,50,67,53
smoothgrad,avg-grad,max,mutants/udacity_change_activation_function_mutated0_MP_selu_4_0,0.99,7,5,2,0,1,98,0,100,71,83,74
smoothgrad,avg-grad,max,mutants/udacity_change_activation_function_mutated0_MP_selu_4_0,0.99,7,5,2,0,2,98,0,100,71,83,74
smoothgrad,avg-grad,max,mutants/udacity_change_activation_function_mutated0_MP_selu_4_0,0.99,7,5,2,0,3,98,0,100,71,83,74
smoothgrad,avg-grad,max,mutants/udacity_change_activation_function_mutated0_MP_sigmoid_4_3,0.99,12,12,0,3,1,100,0,100,100,100,100
smoothgrad,avg-grad,max,mutants/udacity_change_activation_function_mutated0_MP_sigmoid_4_3,0.99,12,10,2,3,2,98,0,100,83,91,85
smoothgrad,avg-grad,max,mutants/udacity_change_activation_function_mutated0_MP_sigmoid_4_3,0.99,11,6,5,4,3,96,0,100,55,71,57
smoothgrad,avg-grad,max,mutants/udacity_change_activation_function_mutated0_MP_softmax_4_4,0.99,12,12,0,2,1,100,0,100,100,100,100
smoothgrad,avg-grad,max,mutants/udacity_change_activation_function_mutated0_MP_softmax_4_4,0.99,12,12,0,2,2,100,0,100,100,100,100
smoothgrad,avg-grad,max,mutants/udacity_change_activation_function_mutated0_MP_softmax_4_4,0.99,12,4,8,2,3,93,0,100,33,50,36
smoothgrad,avg-grad,max,mutants/udacity_change_activation_function_mutated0_MP_softsign_4_5,0.99,12,11,1,9,1,99,0,100,92,96,92
smoothgrad,avg-grad,max,mutants/udacity_change_activation_function_mutated0_MP_softsign_4_5,0.99,12,12,0,9,2,100,0,100,100,100,100
smoothgrad,avg-grad,max,mutants/udacity_change_activation_function_mutated0_MP_softsign_4_5,0.99,10,9,1,11,3,99,0,100,90,95,91
smoothgrad,avg-grad,max,mutants/udacity_change_activation_function_mutated0_MP_tanh_4_2,0.99,10,9,1,4,1,99,0,100,90,95,91
smoothgrad,avg-grad,max,mutants/udacity_change_activation_function_mutated0_MP_tanh_4_2,0.99,10,2,8,4,2,93,0,100,20,33,22
smoothgrad,avg-grad,max,mutants/udacity_change_activation_function_mutated0_MP_tanh_4_2,0.99,10,2,8,4,3,93,0,100,20,33,22
smoothgrad,avg-grad,max,mutants/udacity_change_dropout_rate_mutated0_MP_0.25_0.25_6_7,0.99,10,8,2,4,1,98,0,100,80,89,82
smoothgrad,avg-grad,max,mutants/udacity_change_dropout_rate_mutated0_MP_0.25_0.25_6_7,0.99,10,10,0,4,2,100,0,100,100,100,100
smoothgrad,avg-grad,max,mutants/udacity_change_dropout_rate_mutated0_MP_0.25_0.25_6_7,0.99,10,4,6,4,3,95,0,100,40,57,43
smoothgrad,avg-grad,max,mutants/udacity_change_dropout_rate_mutated0_MP_0.75_0.75_6_0,0.99,9,8,1,0,1,99,0,100,89,94,90
smoothgrad,avg-grad,max,mutants/udacity_change_dropout_rate_mutated0_MP_0.75_0.75_6_0,0.99,9,7,2,0,2,98,0,100,78,88,80
smoothgrad,avg-grad,max,mutants/udacity_change_dropout_rate_mutated0_MP_0.75_0.75_6_0,0.99,9,7,2,0,3,98,0,100,78,88,80
smoothgrad,avg-grad,max,mutants/udacity_change_dropout_rate_mutated0_MP_0.125_0.125_6_2,0.99,13,13,0,3,1,100,0,100,100,100,100
smoothgrad,avg-grad,max,mutants/udacity_change_dropout_rate_mutated0_MP_0.125_0.125_6_2,0.99,13,13,0,3,2,100,0,100,100,100,100
smoothgrad,avg-grad,max,mutants/udacity_change_dropout_rate_mutated0_MP_0.125_0.125_6_2,0.99,13,13,0,3,3,100,0,100,100,100,100
smoothgrad,avg-grad,max,mutants/udacity_change_dropout_rate_mutated0_MP_1.0_1.0_6_1,0.99,4,4,0,0,1,100,0,100,100,100,100
smoothgrad,avg-grad,max,mutants/udacity_change_dropout_rate_mutated0_MP_1.0_1.0_6_1,0.99,4,3,1,0,2,99,0,100,75,86,77
smoothgrad,avg-grad,max,mutants/udacity_change_dropout_rate_mutated0_MP_1.0_1.0_6_1,0.99,4,2,2,0,3,98,0,100,50,67,53
smoothgrad,avg-grad,max,mutants/udacity_change_label_mutated0_MP_12.5_4,0.99,9,9,0,3,1,100,0,100,100,100,100
smoothgrad,avg-grad,max,mutants/udacity_change_label_mutated0_MP_12.5_4,0.99,9,9,0,3,2,100,0,100,100,100,100
smoothgrad,avg-grad,max,mutants/udacity_change_label_mutated0_MP_12.5_4,0.99,9,9,0,3,3,100,0,100,100,100,100
smoothgrad,avg-grad,max,mutants/udacity_change_label_mutated0_MP_25.0_1,0.99,4,4,0,1,1,100,0,100,100,100,100
smoothgrad,avg-grad,max,mutants/udacity_change_label_mutated0_MP_25.0_1,0.99,4,3,1,1,2,99,0,100,75,86,77
smoothgrad,avg-grad,max,mutants/udacity_change_label_mutated0_MP_25.0_1,0.99,4,0,4,1,3,0,0,0,0,0,0
smoothgrad,avg-grad,max,mutants/udacity_change_loss_function_mutated0_MP_mean_absolute_error_2,0.99,10,9,1,2,1,99,0,100,90,95,91
smoothgrad,avg-grad,max,mutants/udacity_change_loss_function_mutated0_MP_mean_absolute_error_2,0.99,10,7,3,2,2,97,0,100,70,82,72
smoothgrad,avg-grad,max,mutants/udacity_change_loss_function_mutated0_MP_mean_absolute_error_2,0.99,10,5,5,2,3,96,0,100,50,67,53
smoothgrad,avg-grad,max,mutants/udacity_add_weights_regularisation_mutated0_MP_l1_3_1,0.999,5,5,0,0,1,100,0,100,100,100,100
smoothgrad,avg-grad,max,mutants/udacity_add_weights_regularisation_mutated0_MP_l1_3_1,0.999,5,0,5,0,2,0,0,0,0,0,0
smoothgrad,avg-grad,max,mutants/udacity_add_weights_regularisation_mutated0_MP_l1_3_1,0.999,4,4,0,1,3,100,0,100,100,100,100
smoothgrad,avg-grad,max,mutants/udacity_add_weights_regularisation_mutated0_MP_l1_l2_3_2,0.999,19,18,1,3,1,99,0,100,95,97,95
smoothgrad,avg-grad,max,mutants/udacity_add_weights_regularisation_mutated0_MP_l1_l2_3_2,0.999,19,15,4,3,2,97,0,100,79,88,81
smoothgrad,avg-grad,max,mutants/udacity_add_weights_regularisation_mutated0_MP_l1_l2_3_2,0.999,19,14,5,3,3,96,0,100,74,85,76
smoothgrad,avg-grad,max,mutants/udacity_add_weights_regularisation_mutated0_MP_l2_3_0,0.999,16,16,0,3,1,100,0,100,100,100,100
smoothgrad,avg-grad,max,mutants/udacity_add_weights_regularisation_mutated0_MP_l2_3_0,0.999,16,3,13,3,2,89,0,100,19,32,20
smoothgrad,avg-grad,max,mutants/udacity_add_weights_regularisation_mutated0_MP_l2_3_0,0.999,16,16,0,3,3,100,0,100,100,100,100
smoothgrad,avg-grad,max,mutants/udacity_change_activation_function_mutated0_MP_exponential_4_0,0.999,12,11,1,3,1,99,0,100,92,96,92
smoothgrad,avg-grad,max,mutants/udacity_change_activation_function_mutated0_MP_exponential_4_0,0.999,12,12,0,3,2,100,0,100,100,100,100
smoothgrad,avg-grad,max,mutants/udacity_change_activation_function_mutated0_MP_exponential_4_0,0.999,12,8,4,3,3,97,0,100,67,80,69
smoothgrad,avg-grad,max,mutants/udacity_change_activation_function_mutated0_MP_hard_sigmoid_4_0,0.999,7,6,1,1,1,99,0,100,86,92,87
smoothgrad,avg-grad,max,mutants/udacity_change_activation_function_mutated0_MP_hard_sigmoid_4_0,0.999,7,0,7,1,2,0,0,0,0,0,0
smoothgrad,avg-grad,max,mutants/udacity_change_activation_function_mutated0_MP_hard_sigmoid_4_0,0.999,7,2,5,1,3,96,0,100,29,44,31
smoothgrad,avg-grad,max,mutants/udacity_change_activation_function_mutated0_MP_relu_4_2,0.999,16,15,1,2,1,99,0,100,94,97,94
smoothgrad,avg-grad,max,mutants/udacity_change_activation_function_mutated0_MP_relu_4_2,0.999,16,6,10,2,2,92,0,100,38,55,40
smoothgrad,avg-grad,max,mutants/udacity_change_activation_function_mutated0_MP_relu_4_2,0.999,14,7,7,4,3,94,0,100,50,67,53
smoothgrad,avg-grad,max,mutants/udacity_change_activation_function_mutated0_MP_selu_4_0,0.999,7,3,4,0,1,96,0,100,43,60,45
smoothgrad,avg-grad,max,mutants/udacity_change_activation_function_mutated0_MP_selu_4_0,0.999,7,0,7,0,2,0,0,0,0,0,0
smoothgrad,avg-grad,max,mutants/udacity_change_activation_function_mutated0_MP_selu_4_0,0.999,7,0,7,0,3,0,0,0,0,0,0
smoothgrad,avg-grad,max,mutants/udacity_change_activation_function_mutated0_MP_sigmoid_4_3,0.999,12,10,2,3,1,98,0,100,83,91,85
smoothgrad,avg-grad,max,mutants/udacity_change_activation_function_mutated0_MP_sigmoid_4_3,0.999,12,6,6,3,2,95,0,100,50,67,53
smoothgrad,avg-grad,max,mutants/udacity_change_activation_function_mutated0_MP_sigmoid_4_3,0.999,11,5,6,4,3,95,0,100,45,62,48
smoothgrad,avg-grad,max,mutants/udacity_change_activation_function_mutated0_MP_softmax_4_4,0.999,12,12,0,2,1,100,0,100,100,100,100
smoothgrad,avg-grad,max,mutants/udacity_change_activation_function_mutated0_MP_softmax_4_4,0.999,12,3,9,2,2,92,0,100,25,40,27
smoothgrad,avg-grad,max,mutants/udacity_change_activation_function_mutated0_MP_softmax_4_4,0.999,12,1,11,2,3,91,0,100,8,15,9
smoothgrad,avg-grad,max,mutants/udacity_change_activation_function_mutated0_MP_softsign_4_5,0.999,12,10,2,9,1,98,0,100,83,91,85
smoothgrad,avg-grad,max,mutants/udacity_change_activation_function_mutated0_MP_softsign_4_5,0.999,12,12,0,9,2,100,0,100,100,100,100
smoothgrad,avg-grad,max,mutants/udacity_change_activation_function_mutated0_MP_softsign_4_5,0.999,10,9,1,11,3,99,0,100,90,95,91
smoothgrad,avg-grad,max,mutants/udacity_change_activation_function_mutated0_MP_tanh_4_2,0.999,10,5,5,4,1,96,0,100,50,67,53
smoothgrad,avg-grad,max,mutants/udacity_change_activation_function_mutated0_MP_tanh_4_2,0.999,10,0,10,4,2,0,0,0,0,0,0
smoothgrad,avg-grad,max,mutants/udacity_change_activation_function_mutated0_MP_tanh_4_2,0.999,10,0,10,4,3,0,0,0,0,0,0
smoothgrad,avg-grad,max,mutants/udacity_change_dropout_rate_mutated0_MP_0.25_0.25_6_7,0.999,10,8,2,4,1,98,0,100,80,89,82
smoothgrad,avg-grad,max,mutants/udacity_change_dropout_rate_mutated0_MP_0.25_0.25_6_7,0.999,10,10,0,4,2,100,0,100,100,100,100
smoothgrad,avg-grad,max,mutants/udacity_change_dropout_rate_mutated0_MP_0.25_0.25_6_7,0.999,10,3,7,4,3,94,0,100,30,46,32
smoothgrad,avg-grad,max,mutants/udacity_change_dropout_rate_mutated0_MP_0.75_0.75_6_0,0.999,9,5,4,0,1,97,0,100,56,71,58
smoothgrad,avg-grad,max,mutants/udacity_change_dropout_rate_mutated0_MP_0.75_0.75_6_0,0.999,9,7,2,0,2,98,0,100,78,88,80
smoothgrad,avg-grad,max,mutants/udacity_change_dropout_rate_mutated0_MP_0.75_0.75_6_0,0.999,9,7,2,0,3,98,0,100,78,88,80
smoothgrad,avg-grad,max,mutants/udacity_change_dropout_rate_mutated0_MP_0.125_0.125_6_2,0.999,13,13,0,3,1,100,0,100,100,100,100
smoothgrad,avg-grad,max,mutants/udacity_change_dropout_rate_mutated0_MP_0.125_0.125_6_2,0.999,13,13,0,3,2,100,0,100,100,100,100
smoothgrad,avg-grad,max,mutants/udacity_change_dropout_rate_mutated0_MP_0.125_0.125_6_2,0.999,13,13,0,3,3,100,0,100,100,100,100
smoothgrad,avg-grad,max,mutants/udacity_change_dropout_rate_mutated0_MP_1.0_1.0_6_1,0.999,4,2,2,0,1,98,0,100,50,67,53
smoothgrad,avg-grad,max,mutants/udacity_change_dropout_rate_mutated0_MP_1.0_1.0_6_1,0.999,4,3,1,0,2,99,0,100,75,86,77
smoothgrad,avg-grad,max,mutants/udacity_change_dropout_rate_mutated0_MP_1.0_1.0_6_1,0.999,4,2,2,0,3,98,0,100,50,67,53
smoothgrad,avg-grad,max,mutants/udacity_change_label_mutated0_MP_12.5_4,0.999,9,9,0,3,1,100,0,100,100,100,100
smoothgrad,avg-grad,max,mutants/udacity_change_label_mutated0_MP_12.5_4,0.999,9,7,2,3,2,98,0,100,78,88,80
smoothgrad,avg-grad,max,mutants/udacity_change_label_mutated0_MP_12.5_4,0.999,9,4,5,3,3,96,0,100,44,62,47
smoothgrad,avg-grad,max,mutants/udacity_change_label_mutated0_MP_25.0_1,0.999,4,4,0,1,1,100,0,100,100,100,100
smoothgrad,avg-grad,max,mutants/udacity_change_label_mutated0_MP_25.0_1,0.999,4,3,1,1,2,99,0,100,75,86,77
smoothgrad,avg-grad,max,mutants/udacity_change_label_mutated0_MP_25.0_1,0.999,4,0,4,1,3,0,0,0,0,0,0
smoothgrad,avg-grad,max,mutants/udacity_change_loss_function_mutated0_MP_mean_absolute_error_2,0.999,10,9,1,2,1,99,0,100,90,95,91
smoothgrad,avg-grad,max,mutants/udacity_change_loss_function_mutated0_MP_mean_absolute_error_2,0.999,10,7,3,2,2,97,0,100,70,82,72
smoothgrad,avg-grad,max,mutants/udacity_change_loss_function_mutated0_MP_mean_absolute_error_2,0.999,10,5,5,2,3,96,0,100,50,67,53
smoothgrad,avg-grad,max,mutants/udacity_add_weights_regularisation_mutated0_MP_l1_3_1,0.9999,5,0,5,0,1,0,0,0,0,0,0
smoothgrad,avg-grad,max,mutants/udacity_add_weights_regularisation_mutated0_MP_l1_3_1,0.9999,5,0,5,0,2,0,0,0,0,0,0
smoothgrad,avg-grad,max,mutants/udacity_add_weights_regularisation_mutated0_MP_l1_3_1,0.9999,4,4,0,1,3,100,0,100,100,100,100
smoothgrad,avg-grad,max,mutants/udacity_add_weights_regularisation_mutated0_MP_l1_l2_3_2,0.9999,19,5,14,3,1,89,0,100,26,42,28
smoothgrad,avg-grad,max,mutants/udacity_add_weights_regularisation_mutated0_MP_l1_l2_3_2,0.9999,19,0,19,3,2,0,0,0,0,0,0
smoothgrad,avg-grad,max,mutants/udacity_add_weights_regularisation_mutated0_MP_l1_l2_3_2,0.9999,19,7,12,3,3,90,0,100,37,54,39
smoothgrad,avg-grad,max,mutants/udacity_add_weights_regularisation_mutated0_MP_l2_3_0,0.9999,16,16,0,3,1,100,0,100,100,100,100
smoothgrad,avg-grad,max,mutants/udacity_add_weights_regularisation_mutated0_MP_l2_3_0,0.9999,16,3,13,3,2,89,0,100,19,32,20
smoothgrad,avg-grad,max,mutants/udacity_add_weights_regularisation_mutated0_MP_l2_3_0,0.9999,16,16,0,3,3,100,0,100,100,100,100
smoothgrad,avg-grad,max,mutants/udacity_change_activation_function_mutated0_MP_exponential_4_0,0.9999,12,6,6,3,1,95,0,100,50,67,53
smoothgrad,avg-grad,max,mutants/udacity_change_activation_function_mutated0_MP_exponential_4_0,0.9999,12,12,0,3,2,100,0,100,100,100,100
smoothgrad,avg-grad,max,mutants/udacity_change_activation_function_mutated0_MP_exponential_4_0,0.9999,12,4,8,3,3,93,0,100,33,50,36
smoothgrad,avg-grad,max,mutants/udacity_change_activation_function_mutated0_MP_hard_sigmoid_4_0,0.9999,7,6,1,1,1,99,0,100,86,92,87
smoothgrad,avg-grad,max,mutants/udacity_change_activation_function_mutated0_MP_hard_sigmoid_4_0,0.9999,7,0,7,1,2,0,0,0,0,0,0
smoothgrad,avg-grad,max,mutants/udacity_change_activation_function_mutated0_MP_hard_sigmoid_4_0,0.9999,7,2,5,1,3,96,0,100,29,44,31
smoothgrad,avg-grad,max,mutants/udacity_change_activation_function_mutated0_MP_relu_4_2,0.9999,16,14,2,2,1,98,0,100,88,93,89
smoothgrad,avg-grad,max,mutants/udacity_change_activation_function_mutated0_MP_relu_4_2,0.9999,16,6,10,2,2,92,0,100,38,55,40
smoothgrad,avg-grad,max,mutants/udacity_change_activation_function_mutated0_MP_relu_4_2,0.9999,14,5,9,4,3,92,0,100,36,53,38
smoothgrad,avg-grad,max,mutants/udacity_change_activation_function_mutated0_MP_selu_4_0,0.9999,7,0,7,0,1,0,0,0,0,0,0
smoothgrad,avg-grad,max,mutants/udacity_change_activation_function_mutated0_MP_selu_4_0,0.9999,7,0,7,0,2,0,0,0,0,0,0
smoothgrad,avg-grad,max,mutants/udacity_change_activation_function_mutated0_MP_selu_4_0,0.9999,7,0,7,0,3,0,0,0,0,0,0
smoothgrad,avg-grad,max,mutants/udacity_change_activation_function_mutated0_MP_sigmoid_4_3,0.9999,12,10,2,3,1,98,0,100,83,91,85
smoothgrad,avg-grad,max,mutants/udacity_change_activation_function_mutated0_MP_sigmoid_4_3,0.9999,12,6,6,3,2,95,0,100,50,67,53
smoothgrad,avg-grad,max,mutants/udacity_change_activation_function_mutated0_MP_sigmoid_4_3,0.9999,11,0,11,4,3,0,0,0,0,0,0
smoothgrad,avg-grad,max,mutants/udacity_change_activation_function_mutated0_MP_softmax_4_4,0.9999,12,6,6,2,1,95,0,100,50,67,53
smoothgrad,avg-grad,max,mutants/udacity_change_activation_function_mutated0_MP_softmax_4_4,0.9999,12,3,9,2,2,92,0,100,25,40,27
smoothgrad,avg-grad,max,mutants/udacity_change_activation_function_mutated0_MP_softmax_4_4,0.9999,12,0,12,2,3,0,0,0,0,0,0
smoothgrad,avg-grad,max,mutants/udacity_change_activation_function_mutated0_MP_softsign_4_5,0.9999,12,8,4,9,1,97,0,100,67,80,69
smoothgrad,avg-grad,max,mutants/udacity_change_activation_function_mutated0_MP_softsign_4_5,0.9999,12,12,0,9,2,100,0,100,100,100,100
smoothgrad,avg-grad,max,mutants/udacity_change_activation_function_mutated0_MP_softsign_4_5,0.9999,10,7,3,11,3,97,0,100,70,82,72
smoothgrad,avg-grad,max,mutants/udacity_change_activation_function_mutated0_MP_tanh_4_2,0.9999,10,5,5,4,1,96,0,100,50,67,53
smoothgrad,avg-grad,max,mutants/udacity_change_activation_function_mutated0_MP_tanh_4_2,0.9999,10,0,10,4,2,0,0,0,0,0,0
smoothgrad,avg-grad,max,mutants/udacity_change_activation_function_mutated0_MP_tanh_4_2,0.9999,10,0,10,4,3,0,0,0,0,0,0
smoothgrad,avg-grad,max,mutants/udacity_change_dropout_rate_mutated0_MP_0.25_0.25_6_7,0.9999,10,0,10,4,1,0,0,0,0,0,0
smoothgrad,avg-grad,max,mutants/udacity_change_dropout_rate_mutated0_MP_0.25_0.25_6_7,0.9999,10,3,7,4,2,94,0,100,30,46,32
smoothgrad,avg-grad,max,mutants/udacity_change_dropout_rate_mutated0_MP_0.25_0.25_6_7,0.9999,10,3,7,4,3,94,0,100,30,46,32
smoothgrad,avg-grad,max,mutants/udacity_change_dropout_rate_mutated0_MP_0.75_0.75_6_0,0.9999,9,4,5,0,1,96,0,100,44,62,47
smoothgrad,avg-grad,max,mutants/udacity_change_dropout_rate_mutated0_MP_0.75_0.75_6_0,0.9999,9,5,4,0,2,97,0,100,56,71,58
smoothgrad,avg-grad,max,mutants/udacity_change_dropout_rate_mutated0_MP_0.75_0.75_6_0,0.9999,9,0,9,0,3,0,0,0,0,0,0
smoothgrad,avg-grad,max,mutants/udacity_change_dropout_rate_mutated0_MP_0.125_0.125_6_2,0.9999,13,13,0,3,1,100,0,100,100,100,100
smoothgrad,avg-grad,max,mutants/udacity_change_dropout_rate_mutated0_MP_0.125_0.125_6_2,0.9999,13,13,0,3,2,100,0,100,100,100,100
smoothgrad,avg-grad,max,mutants/udacity_change_dropout_rate_mutated0_MP_0.125_0.125_6_2,0.9999,13,6,7,3,3,94,0,100,46,63,49
smoothgrad,avg-grad,max,mutants/udacity_change_dropout_rate_mutated0_MP_1.0_1.0_6_1,0.9999,4,0,4,0,1,0,0,0,0,0,0
smoothgrad,avg-grad,max,mutants/udacity_change_dropout_rate_mutated0_MP_1.0_1.0_6_1,0.9999,4,0,4,0,2,0,0,0,0,0,0
smoothgrad,avg-grad,max,mutants/udacity_change_dropout_rate_mutated0_MP_1.0_1.0_6_1,0.9999,4,2,2,0,3,98,0,100,50,67,53
smoothgrad,avg-grad,max,mutants/udacity_change_label_mutated0_MP_12.5_4,0.9999,9,1,8,3,1,93,0,100,11,20,12
smoothgrad,avg-grad,max,mutants/udacity_change_label_mutated0_MP_12.5_4,0.9999,9,7,2,3,2,98,0,100,78,88,80
smoothgrad,avg-grad,max,mutants/udacity_change_label_mutated0_MP_12.5_4,0.9999,9,0,9,3,3,0,0,0,0,0,0
smoothgrad,avg-grad,max,mutants/udacity_change_label_mutated0_MP_25.0_1,0.9999,4,0,4,1,1,0,0,0,0,0,0
smoothgrad,avg-grad,max,mutants/udacity_change_label_mutated0_MP_25.0_1,0.9999,4,3,1,1,2,99,0,100,75,86,77
smoothgrad,avg-grad,max,mutants/udacity_change_label_mutated0_MP_25.0_1,0.9999,4,0,4,1,3,0,0,0,0,0,0
smoothgrad,avg-grad,max,mutants/udacity_change_loss_function_mutated0_MP_mean_absolute_error_2,0.9999,10,9,1,2,1,99,0,100,90,95,91
smoothgrad,avg-grad,max,mutants/udacity_change_loss_function_mutated0_MP_mean_absolute_error_2,0.9999,10,7,3,2,2,97,0,100,70,82,72
smoothgrad,avg-grad,max,mutants/udacity_change_loss_function_mutated0_MP_mean_absolute_error_2,0.9999,10,5,5,2,3,96,0,100,50,67,53
smoothgrad,avg-grad,max,mutants/udacity_add_weights_regularisation_mutated0_MP_l1_3_1,0.99999,5,0,5,0,1,0,0,0,0,0,0
smoothgrad,avg-grad,max,mutants/udacity_add_weights_regularisation_mutated0_MP_l1_3_1,0.99999,5,0,5,0,2,0,0,0,0,0,0
smoothgrad,avg-grad,max,mutants/udacity_add_weights_regularisation_mutated0_MP_l1_3_1,0.99999,4,4,0,1,3,100,0,100,100,100,100
smoothgrad,avg-grad,max,mutants/udacity_add_weights_regularisation_mutated0_MP_l1_l2_3_2,0.99999,19,0,19,3,1,0,0,0,0,0,0
smoothgrad,avg-grad,max,mutants/udacity_add_weights_regularisation_mutated0_MP_l1_l2_3_2,0.99999,19,0,19,3,2,0,0,0,0,0,0
smoothgrad,avg-grad,max,mutants/udacity_add_weights_regularisation_mutated0_MP_l1_l2_3_2,0.99999,19,7,12,3,3,90,0,100,37,54,39
smoothgrad,avg-grad,max,mutants/udacity_add_weights_regularisation_mutated0_MP_l2_3_0,0.99999,16,0,16,3,1,0,0,0,0,0,0
smoothgrad,avg-grad,max,mutants/udacity_add_weights_regularisation_mutated0_MP_l2_3_0,0.99999,16,3,13,3,2,89,0,100,19,32,20
smoothgrad,avg-grad,max,mutants/udacity_add_weights_regularisation_mutated0_MP_l2_3_0,0.99999,16,16,0,3,3,100,0,100,100,100,100
smoothgrad,avg-grad,max,mutants/udacity_change_activation_function_mutated0_MP_exponential_4_0,0.99999,12,5,7,3,1,94,0,100,42,59,44
smoothgrad,avg-grad,max,mutants/udacity_change_activation_function_mutated0_MP_exponential_4_0,0.99999,12,12,0,3,2,100,0,100,100,100,100
smoothgrad,avg-grad,max,mutants/udacity_change_activation_function_mutated0_MP_exponential_4_0,0.99999,12,4,8,3,3,93,0,100,33,50,36
smoothgrad,avg-grad,max,mutants/udacity_change_activation_function_mutated0_MP_hard_sigmoid_4_0,0.99999,7,0,7,1,1,0,0,0,0,0,0
smoothgrad,avg-grad,max,mutants/udacity_change_activation_function_mutated0_MP_hard_sigmoid_4_0,0.99999,7,0,7,1,2,0,0,0,0,0,0
smoothgrad,avg-grad,max,mutants/udacity_change_activation_function_mutated0_MP_hard_sigmoid_4_0,0.99999,7,0,7,1,3,0,0,0,0,0,0
smoothgrad,avg-grad,max,mutants/udacity_change_activation_function_mutated0_MP_relu_4_2,0.99999,16,14,2,2,1,98,0,100,88,93,89
smoothgrad,avg-grad,max,mutants/udacity_change_activation_function_mutated0_MP_relu_4_2,0.99999,16,6,10,2,2,92,0,100,38,55,40
smoothgrad,avg-grad,max,mutants/udacity_change_activation_function_mutated0_MP_relu_4_2,0.99999,14,0,14,4,3,0,0,0,0,0,0
smoothgrad,avg-grad,max,mutants/udacity_change_activation_function_mutated0_MP_selu_4_0,0.99999,7,0,7,0,1,0,0,0,0,0,0
smoothgrad,avg-grad,max,mutants/udacity_change_activation_function_mutated0_MP_selu_4_0,0.99999,7,0,7,0,2,0,0,0,0,0,0
smoothgrad,avg-grad,max,mutants/udacity_change_activation_function_mutated0_MP_selu_4_0,0.99999,7,0,7,0,3,0,0,0,0,0,0
smoothgrad,avg-grad,max,mutants/udacity_change_activation_function_mutated0_MP_sigmoid_4_3,0.99999,12,10,2,3,1,98,0,100,83,91,85
smoothgrad,avg-grad,max,mutants/udacity_change_activation_function_mutated0_MP_sigmoid_4_3,0.99999,12,3,9,3,2,92,0,100,25,40,27
smoothgrad,avg-grad,max,mutants/udacity_change_activation_function_mutated0_MP_sigmoid_4_3,0.99999,11,0,11,4,3,0,0,0,0,0,0
smoothgrad,avg-grad,max,mutants/udacity_change_activation_function_mutated0_MP_softmax_4_4,0.99999,12,5,7,2,1,94,0,100,42,59,44
smoothgrad,avg-grad,max,mutants/udacity_change_activation_function_mutated0_MP_softmax_4_4,0.99999,12,0,12,2,2,0,0,0,0,0,0
smoothgrad,avg-grad,max,mutants/udacity_change_activation_function_mutated0_MP_softmax_4_4,0.99999,12,0,12,2,3,0,0,0,0,0,0
smoothgrad,avg-grad,max,mutants/udacity_change_activation_function_mutated0_MP_softsign_4_5,0.99999,12,8,4,9,1,97,0,100,67,80,69
smoothgrad,avg-grad,max,mutants/udacity_change_activation_function_mutated0_MP_softsign_4_5,0.99999,12,12,0,9,2,100,0,100,100,100,100
smoothgrad,avg-grad,max,mutants/udacity_change_activation_function_mutated0_MP_softsign_4_5,0.99999,10,2,8,11,3,93,0,100,20,33,22
smoothgrad,avg-grad,max,mutants/udacity_change_activation_function_mutated0_MP_tanh_4_2,0.99999,10,0,10,4,1,0,0,0,0,0,0
smoothgrad,avg-grad,max,mutants/udacity_change_activation_function_mutated0_MP_tanh_4_2,0.99999,10,0,10,4,2,0,0,0,0,0,0
smoothgrad,avg-grad,max,mutants/udacity_change_activation_function_mutated0_MP_tanh_4_2,0.99999,10,0,10,4,3,0,0,0,0,0,0
smoothgrad,avg-grad,max,mutants/udacity_change_dropout_rate_mutated0_MP_0.25_0.25_6_7,0.99999,10,0,10,4,1,0,0,0,0,0,0
smoothgrad,avg-grad,max,mutants/udacity_change_dropout_rate_mutated0_MP_0.25_0.25_6_7,0.99999,10,0,10,4,2,0,0,0,0,0,0
smoothgrad,avg-grad,max,mutants/udacity_change_dropout_rate_mutated0_MP_0.25_0.25_6_7,0.99999,10,3,7,4,3,94,0,100,30,46,32
smoothgrad,avg-grad,max,mutants/udacity_change_dropout_rate_mutated0_MP_0.75_0.75_6_0,0.99999,9,1,8,0,1,93,0,100,11,20,12
smoothgrad,avg-grad,max,mutants/udacity_change_dropout_rate_mutated0_MP_0.75_0.75_6_0,0.99999,9,5,4,0,2,97,0,100,56,71,58
smoothgrad,avg-grad,max,mutants/udacity_change_dropout_rate_mutated0_MP_0.75_0.75_6_0,0.99999,9,0,9,0,3,0,0,0,0,0,0
smoothgrad,avg-grad,max,mutants/udacity_change_dropout_rate_mutated0_MP_0.125_0.125_6_2,0.99999,13,13,0,3,1,100,0,100,100,100,100
smoothgrad,avg-grad,max,mutants/udacity_change_dropout_rate_mutated0_MP_0.125_0.125_6_2,0.99999,13,13,0,3,2,100,0,100,100,100,100
smoothgrad,avg-grad,max,mutants/udacity_change_dropout_rate_mutated0_MP_0.125_0.125_6_2,0.99999,13,0,13,3,3,0,0,0,0,0,0
smoothgrad,avg-grad,max,mutants/udacity_change_dropout_rate_mutated0_MP_1.0_1.0_6_1,0.99999,4,0,4,0,1,0,0,0,0,0,0
smoothgrad,avg-grad,max,mutants/udacity_change_dropout_rate_mutated0_MP_1.0_1.0_6_1,0.99999,4,0,4,0,2,0,0,0,0,0,0
smoothgrad,avg-grad,max,mutants/udacity_change_dropout_rate_mutated0_MP_1.0_1.0_6_1,0.99999,4,2,2,0,3,98,0,100,50,67,53
smoothgrad,avg-grad,max,mutants/udacity_change_label_mutated0_MP_12.5_4,0.99999,9,0,9,3,1,0,0,0,0,0,0
smoothgrad,avg-grad,max,mutants/udacity_change_label_mutated0_MP_12.5_4,0.99999,9,0,9,3,2,0,0,0,0,0,0
smoothgrad,avg-grad,max,mutants/udacity_change_label_mutated0_MP_12.5_4,0.99999,9,0,9,3,3,0,0,0,0,0,0
smoothgrad,avg-grad,max,mutants/udacity_change_label_mutated0_MP_25.0_1,0.99999,4,0,4,1,1,0,0,0,0,0,0
smoothgrad,avg-grad,max,mutants/udacity_change_label_mutated0_MP_25.0_1,0.99999,4,3,1,1,2,99,0,100,75,86,77
smoothgrad,avg-grad,max,mutants/udacity_change_label_mutated0_MP_25.0_1,0.99999,4,0,4,1,3,0,0,0,0,0,0
smoothgrad,avg-grad,max,mutants/udacity_change_loss_function_mutated0_MP_mean_absolute_error_2,0.99999,10,9,1,2,1,99,0,100,90,95,91
smoothgrad,avg-grad,max,mutants/udacity_change_loss_function_mutated0_MP_mean_absolute_error_2,0.99999,10,2,8,2,2,93,0,100,20,33,22
smoothgrad,avg-grad,max,mutants/udacity_change_loss_function_mutated0_MP_mean_absolute_error_2,0.99999,10,5,5,2,3,96,0,100,50,67,53
