heatmap_type,summarization_method,aggregation_type,simulation_name,confidence_level,failures,detected,undetected,undetectable,ttm,accuracy,fpr,precision,recall,f1,f3
smoothgrad,avg-grad,max,icse20/DAVE2-Track1-DayNight,0.95,2,0,2,0,1,0,0,0,0,0,0
smoothgrad,avg-grad,max,icse20/DAVE2-Track1-DayNight,0.95,2,0,2,0,2,0,0,0,0,0,0
smoothgrad,avg-grad,max,icse20/DAVE2-Track1-DayNight,0.95,2,0,2,0,3,0,0,0,0,0,0
smoothgrad,avg-grad,max,icse20/DAVE2-Track1-DayNightFog,0.95,5,4,1,0,1,93,7,29,80,42,68
smoothgrad,avg-grad,max,icse20/DAVE2-Track1-DayNightFog,0.95,5,4,1,0,2,93,7,29,80,42,68
smoothgrad,avg-grad,max,icse20/DAVE2-Track1-DayNightFog,0.95,5,5,0,0,3,93,7,33,100,50,83
smoothgrad,avg-grad,max,icse20/DAVE2-Track1-DayNightRain,0.95,2,0,2,0,1,0,0,0,0,0,0
smoothgrad,avg-grad,max,icse20/DAVE2-Track1-DayNightRain,0.95,2,0,2,0,2,0,0,0,0,0,0
smoothgrad,avg-grad,max,icse20/DAVE2-Track1-DayNightRain,0.95,2,0,2,0,3,0,0,0,0,0,0
smoothgrad,avg-grad,max,icse20/DAVE2-Track1-DayNightSnow,0.95,4,3,1,1,1,93,7,23,75,35,61
smoothgrad,avg-grad,max,icse20/DAVE2-Track1-DayNightSnow,0.95,3,2,1,2,2,93,7,17,67,27,51
smoothgrad,avg-grad,max,icse20/DAVE2-Track1-DayNightSnow,0.95,4,3,1,1,3,93,7,23,75,35,61
smoothgrad,avg-grad,max,icse20/DAVE2-Track1-Fog,0.95,4,1,3,0,1,91,7,9,25,13,21
smoothgrad,avg-grad,max,icse20/DAVE2-Track1-Fog,0.95,4,1,3,0,2,91,7,9,25,13,21
smoothgrad,avg-grad,max,icse20/DAVE2-Track1-Fog,0.95,4,4,0,0,3,93,7,29,100,44,80
smoothgrad,avg-grad,max,icse20/DAVE2-Track1-Rain,0.95,2,0,2,0,1,0,0,0,0,0,0
smoothgrad,avg-grad,max,icse20/DAVE2-Track1-Rain,0.95,2,0,2,0,2,0,0,0,0,0,0
smoothgrad,avg-grad,max,icse20/DAVE2-Track1-Rain,0.95,2,1,1,0,3,93,7,9,50,15,34
smoothgrad,avg-grad,max,icse20/DAVE2-Track1-Snow,0.95,3,2,1,0,1,93,7,17,67,27,51
smoothgrad,avg-grad,max,icse20/DAVE2-Track1-Snow,0.95,3,2,1,0,2,93,7,17,67,27,51
smoothgrad,avg-grad,max,icse20/DAVE2-Track1-Snow,0.95,3,0,3,0,3,0,0,0,0,0,0
smoothgrad,avg-grad,max,icse20/DAVE2-Track1-DayNight,0.99,2,0,2,0,1,0,0,0,0,0,0
smoothgrad,avg-grad,max,icse20/DAVE2-Track1-DayNight,0.99,2,0,2,0,2,0,0,0,0,0,0
smoothgrad,avg-grad,max,icse20/DAVE2-Track1-DayNight,0.99,2,0,2,0,3,0,0,0,0,0,0
smoothgrad,avg-grad,max,icse20/DAVE2-Track1-DayNightFog,0.99,5,4,1,0,1,99,0,100,80,89,82
smoothgrad,avg-grad,max,icse20/DAVE2-Track1-DayNightFog,0.99,5,4,1,0,2,99,0,100,80,89,82
smoothgrad,avg-grad,max,icse20/DAVE2-Track1-DayNightFog,0.99,5,4,1,0,3,99,0,100,80,89,82
smoothgrad,avg-grad,max,icse20/DAVE2-Track1-DayNightRain,0.99,2,0,2,0,1,0,0,0,0,0,0
smoothgrad,avg-grad,max,icse20/DAVE2-Track1-DayNightRain,0.99,2,0,2,0,2,0,0,0,0,0,0
smoothgrad,avg-grad,max,icse20/DAVE2-Track1-DayNightRain,0.99,2,0,2,0,3,0,0,0,0,0,0
smoothgrad,avg-grad,max,icse20/DAVE2-Track1-DayNightSnow,0.99,4,3,1,1,1,99,0,100,75,86,77
smoothgrad,avg-grad,max,icse20/DAVE2-Track1-DayNightSnow,0.99,3,2,1,2,2,99,0,100,67,80,69
smoothgrad,avg-grad,max,icse20/DAVE2-Track1-DayNightSnow,0.99,4,1,3,1,3,98,0,100,25,40,27
smoothgrad,avg-grad,max,icse20/DAVE2-Track1-Fog,0.99,4,0,4,0,1,0,0,0,0,0,0
smoothgrad,avg-grad,max,icse20/DAVE2-Track1-Fog,0.99,4,0,4,0,2,0,0,0,0,0,0
smoothgrad,avg-grad,max,icse20/DAVE2-Track1-Fog,0.99,4,0,4,0,3,0,0,0,0,0,0
smoothgrad,avg-grad,max,icse20/DAVE2-Track1-Rain,0.99,2,0,2,0,1,0,0,0,0,0,0
smoothgrad,avg-grad,max,icse20/DAVE2-Track1-Rain,0.99,2,0,2,0,2,0,0,0,0,0,0
smoothgrad,avg-grad,max,icse20/DAVE2-Track1-Rain,0.99,2,0,2,0,3,0,0,0,0,0,0
smoothgrad,avg-grad,max,icse20/DAVE2-Track1-Snow,0.99,3,2,1,0,1,99,0,100,67,80,69
smoothgrad,avg-grad,max,icse20/DAVE2-Track1-Snow,0.99,3,2,1,0,2,99,0,100,67,80,69
smoothgrad,avg-grad,max,icse20/DAVE2-Track1-Snow,0.99,3,0,3,0,3,0,0,0,0,0,0
smoothgrad,avg-grad,max,icse20/DAVE2-Track1-DayNight,0.999,2,0,2,0,1,0,0,0,0,0,0
smoothgrad,avg-grad,max,icse20/DAVE2-Track1-DayNight,0.999,2,0,2,0,2,0,0,0,0,0,0
smoothgrad,avg-grad,max,icse20/DAVE2-Track1-DayNight,0.999,2,0,2,0,3,0,0,0,0,0,0
smoothgrad,avg-grad,max,icse20/DAVE2-Track1-DayNightFog,0.999,5,2,3,0,1,98,0,100,40,57,43
smoothgrad,avg-grad,max,icse20/DAVE2-Track1-DayNightFog,0.999,5,4,1,0,2,99,0,100,80,89,82
smoothgrad,avg-grad,max,icse20/DAVE2-Track1-DayNightFog,0.999,5,4,1,0,3,99,0,100,80,89,82
smoothgrad,avg-grad,max,icse20/DAVE2-Track1-DayNightRain,0.999,2,0,2,0,1,0,0,0,0,0,0
smoothgrad,avg-grad,max,icse20/DAVE2-Track1-DayNightRain,0.999,2,0,2,0,2,0,0,0,0,0,0
smoothgrad,avg-grad,max,icse20/DAVE2-Track1-DayNightRain,0.999,2,0,2,0,3,0,0,0,0,0,0
smoothgrad,avg-grad,max,icse20/DAVE2-Track1-DayNightSnow,0.999,4,3,1,1,1,99,0,100,75,86,77
smoothgrad,avg-grad,max,icse20/DAVE2-Track1-DayNightSnow,0.999,3,0,3,2,2,0,0,0,0,0,0
smoothgrad,avg-grad,max,icse20/DAVE2-Track1-DayNightSnow,0.999,4,0,4,1,3,0,0,0,0,0,0
smoothgrad,avg-grad,max,icse20/DAVE2-Track1-Fog,0.999,4,0,4,0,1,0,0,0,0,0,0
smoothgrad,avg-grad,max,icse20/DAVE2-Track1-Fog,0.999,4,0,4,0,2,0,0,0,0,0,0
smoothgrad,avg-grad,max,icse20/DAVE2-Track1-Fog,0.999,4,0,4,0,3,0,0,0,0,0,0
smoothgrad,avg-grad,max,icse20/DAVE2-Track1-Rain,0.999,2,0,2,0,1,0,0,0,0,0,0
smoothgrad,avg-grad,max,icse20/DAVE2-Track1-Rain,0.999,2,0,2,0,2,0,0,0,0,0,0
smoothgrad,avg-grad,max,icse20/DAVE2-Track1-Rain,0.999,2,0,2,0,3,0,0,0,0,0,0
smoothgrad,avg-grad,max,icse20/DAVE2-Track1-Snow,0.999,3,1,2,0,1,99,0,100,33,50,36
smoothgrad,avg-grad,max,icse20/DAVE2-Track1-Snow,0.999,3,2,1,0,2,99,0,100,67,80,69
smoothgrad,avg-grad,max,icse20/DAVE2-Track1-Snow,0.999,3,0,3,0,3,0,0,0,0,0,0
smoothgrad,avg-grad,max,icse20/DAVE2-Track1-DayNight,0.9999,2,0,2,0,1,0,0,0,0,0,0
smoothgrad,avg-grad,max,icse20/DAVE2-Track1-DayNight,0.9999,2,0,2,0,2,0,0,0,0,0,0
smoothgrad,avg-grad,max,icse20/DAVE2-Track1-DayNight,0.9999,2,0,2,0,3,0,0,0,0,0,0
smoothgrad,avg-grad,max,icse20/DAVE2-Track1-DayNightFog,0.9999,5,2,3,0,1,98,0,100,40,57,43
smoothgrad,avg-grad,max,icse20/DAVE2-Track1-DayNightFog,0.9999,5,0,5,0,2,0,0,0,0,0,0
smoothgrad,avg-grad,max,icse20/DAVE2-Track1-DayNightFog,0.9999,5,4,1,0,3,99,0,100,80,89,82
smoothgrad,avg-grad,max,icse20/DAVE2-Track1-DayNightRain,0.9999,2,0,2,0,1,0,0,0,0,0,0
smoothgrad,avg-grad,max,icse20/DAVE2-Track1-DayNightRain,0.9999,2,0,2,0,2,0,0,0,0,0,0
smoothgrad,avg-grad,max,icse20/DAVE2-Track1-DayNightRain,0.9999,2,0,2,0,3,0,0,0,0,0,0
smoothgrad,avg-grad,max,icse20/DAVE2-Track1-DayNightSnow,0.9999,4,1,3,1,1,98,0,100,25,40,27
smoothgrad,avg-grad,max,icse20/DAVE2-Track1-DayNightSnow,0.9999,3,0,3,2,2,0,0,0,0,0,0
smoothgrad,avg-grad,max,icse20/DAVE2-Track1-DayNightSnow,0.9999,4,0,4,1,3,0,0,0,0,0,0
smoothgrad,avg-grad,max,icse20/DAVE2-Track1-Fog,0.9999,4,0,4,0,1,0,0,0,0,0,0
smoothgrad,avg-grad,max,icse20/DAVE2-Track1-Fog,0.9999,4,0,4,0,2,0,0,0,0,0,0
smoothgrad,avg-grad,max,icse20/DAVE2-Track1-Fog,0.9999,4,0,4,0,3,0,0,0,0,0,0
smoothgrad,avg-grad,max,icse20/DAVE2-Track1-Rain,0.9999,2,0,2,0,1,0,0,0,0,0,0
smoothgrad,avg-grad,max,icse20/DAVE2-Track1-Rain,0.9999,2,0,2,0,2,0,0,0,0,0,0
smoothgrad,avg-grad,max,icse20/DAVE2-Track1-Rain,0.9999,2,0,2,0,3,0,0,0,0,0,0
smoothgrad,avg-grad,max,icse20/DAVE2-Track1-Snow,0.9999,3,1,2,0,1,99,0,100,33,50,36
smoothgrad,avg-grad,max,icse20/DAVE2-Track1-Snow,0.9999,3,2,1,0,2,99,0,100,67,80,69
smoothgrad,avg-grad,max,icse20/DAVE2-Track1-Snow,0.9999,3,0,3,0,3,0,0,0,0,0,0
smoothgrad,avg-grad,max,icse20/DAVE2-Track1-DayNight,0.99999,2,0,2,0,1,0,0,0,0,0,0
smoothgrad,avg-grad,max,icse20/DAVE2-Track1-DayNight,0.99999,2,0,2,0,2,0,0,0,0,0,0
smoothgrad,avg-grad,max,icse20/DAVE2-Track1-DayNight,0.99999,2,0,2,0,3,0,0,0,0,0,0
smoothgrad,avg-grad,max,icse20/DAVE2-Track1-DayNightFog,0.99999,5,0,5,0,1,0,0,0,0,0,0
smoothgrad,avg-grad,max,icse20/DAVE2-Track1-DayNightFog,0.99999,5,0,5,0,2,0,0,0,0,0,0
smoothgrad,avg-grad,max,icse20/DAVE2-Track1-DayNightFog,0.99999,5,4,1,0,3,99,0,100,80,89,82
smoothgrad,avg-grad,max,icse20/DAVE2-Track1-DayNightRain,0.99999,2,0,2,0,1,0,0,0,0,0,0
smoothgrad,avg-grad,max,icse20/DAVE2-Track1-DayNightRain,0.99999,2,0,2,0,2,0,0,0,0,0,0
smoothgrad,avg-grad,max,icse20/DAVE2-Track1-DayNightRain,0.99999,2,0,2,0,3,0,0,0,0,0,0
smoothgrad,avg-grad,max,icse20/DAVE2-Track1-DayNightSnow,0.99999,4,0,4,1,1,0,0,0,0,0,0
smoothgrad,avg-grad,max,icse20/DAVE2-Track1-DayNightSnow,0.99999,3,0,3,2,2,0,0,0,0,0,0
smoothgrad,avg-grad,max,icse20/DAVE2-Track1-DayNightSnow,0.99999,4,0,4,1,3,0,0,0,0,0,0
smoothgrad,avg-grad,max,icse20/DAVE2-Track1-Fog,0.99999,4,0,4,0,1,0,0,0,0,0,0
smoothgrad,avg-grad,max,icse20/DAVE2-Track1-Fog,0.99999,4,0,4,0,2,0,0,0,0,0,0
smoothgrad,avg-grad,max,icse20/DAVE2-Track1-Fog,0.99999,4,0,4,0,3,0,0,0,0,0,0
smoothgrad,avg-grad,max,icse20/DAVE2-Track1-Rain,0.99999,2,0,2,0,1,0,0,0,0,0,0
smoothgrad,avg-grad,max,icse20/DAVE2-Track1-Rain,0.99999,2,0,2,0,2,0,0,0,0,0,0
smoothgrad,avg-grad,max,icse20/DAVE2-Track1-Rain,0.99999,2,0,2,0,3,0,0,0,0,0,0
smoothgrad,avg-grad,max,icse20/DAVE2-Track1-Snow,0.99999,3,1,2,0,1,99,0,100,33,50,36
smoothgrad,avg-grad,max,icse20/DAVE2-Track1-Snow,0.99999,3,0,3,0,2,0,0,0,0,0,0
smoothgrad,avg-grad,max,icse20/DAVE2-Track1-Snow,0.99999,3,0,3,0,3,0,0,0,0,0,0
